date,region,count-nombre
2021-02-25,AB,<20
2021-02-25,BC,<20
2021-02-25,MB,<20
2021-02-25,NB,<20
2021-02-25,NL,<20
2021-02-25,NT,<20
2021-02-25,NS,<20
2021-02-25,NU,<20
2021-02-25,ON,<20
2021-02-25,PE,<20
2021-02-25,QC,<20
2021-02-25,SK,<20
2021-02-25,YT,<20
2021-02-25,npts-ptso,<20
2021-02-26,AB,649
2021-02-26,BC,1194
2021-02-26,MB,587
2021-02-26,NB,281
2021-02-26,NL,278
2021-02-26,NT,<20
2021-02-26,NS,490
2021-02-26,NU,<20
2021-02-26,ON,7291
2021-02-26,PE,76
2021-02-26,QC,3140
2021-02-26,SK,330
2021-02-26,YT,<20
2021-02-26,npts-ptso,1078
2021-02-27,AB,50313
2021-02-27,BC,101826
2021-02-27,MB,65135
2021-02-27,NB,39215
2021-02-27,NL,58503
2021-02-27,NT,1195
2021-02-27,NS,56315
2021-02-27,NU,277
2021-02-27,ON,691595
2021-02-27,PE,8870
2021-02-27,QC,336555
2021-02-27,SK,40346
2021-02-27,YT,527
2021-02-27,npts-ptso,112481
2021-02-28,AB,74538
2021-02-28,BC,150152
2021-02-28,MB,101073
2021-02-28,NB,64273
2021-02-28,NL,97496
2021-02-28,NT,1907
2021-02-28,NS,92190
2021-02-28,NU,481
2021-02-28,ON,1113625
2021-02-28,PE,15281
2021-02-28,QC,545843
2021-02-28,SK,61764
2021-02-28,YT,829
2021-02-28,npts-ptso,176267
2021-03-01,AB,81436
2021-03-01,BC,163989
2021-03-01,MB,111642
2021-03-01,NB,71738
2021-03-01,NL,108891
2021-03-01,NT,2146
2021-03-01,NS,103158
2021-03-01,NU,559
2021-03-01,ON,1241573
2021-03-01,PE,17826
2021-03-01,QC,613681
2021-03-01,SK,68050
2021-03-01,YT,953
2021-03-01,npts-ptso,196034
2021-03-02,AB,83401
2021-03-02,BC,168011
2021-03-02,MB,114784
2021-03-02,NB,74198
2021-03-02,NL,112000
2021-03-02,NT,2220
2021-03-02,NS,106762
2021-03-02,NU,571
2021-03-02,ON,1280873
2021-03-02,PE,18832
2021-03-02,QC,635746
2021-03-02,SK,70095
2021-03-02,YT,999
2021-03-02,npts-ptso,202312
2021-03-03,AB,84727
2021-03-03,BC,170641
2021-03-03,MB,116849
2021-03-03,NB,75672
2021-03-03,NL,114073
2021-03-03,NT,2269
2021-03-03,NS,108868
2021-03-03,NU,585
2021-03-03,ON,1306875
2021-03-03,PE,19267
2021-03-03,QC,649607
2021-03-03,SK,71315
2021-03-03,YT,1013
2021-03-03,npts-ptso,207348
2021-03-04,AB,85441
2021-03-04,BC,172164
2021-03-04,MB,118159
2021-03-04,NB,76876
2021-03-04,NL,115309
2021-03-04,NT,2290
2021-03-04,NS,109851
2021-03-04,NU,591
2021-03-04,ON,1322532
2021-03-04,PE,19321
2021-03-04,QC,657862
2021-03-04,SK,72144
2021-03-04,YT,1036
2021-03-04,npts-ptso,210936
2021-03-05,AB,86354
2021-03-05,BC,173429
2021-03-05,MB,119126
2021-03-05,NB,77466
2021-03-05,NL,115882
2021-03-05,NT,2313
2021-03-05,NS,110530
2021-03-05,NU,585
2021-03-05,ON,1332827
2021-03-05,PE,19423
2021-03-05,QC,663034
2021-03-05,SK,72591
2021-03-05,YT,1041
2021-03-05,npts-ptso,215050
2021-03-06,AB,86761
2021-03-06,BC,174042
2021-03-06,MB,119647
2021-03-06,NB,77941
2021-03-06,NL,116278
2021-03-06,NT,2345
2021-03-06,NS,111079
2021-03-06,NU,606
2021-03-06,ON,1340207
2021-03-06,PE,19383
2021-03-06,QC,666901
2021-03-06,SK,73055
2021-03-06,YT,1042
2021-03-06,npts-ptso,219294
2021-03-07,AB,86927
2021-03-07,BC,174525
2021-03-07,MB,120503
2021-03-07,NB,78424
2021-03-07,NL,116984
2021-03-07,NT,2349
2021-03-07,NS,111683
2021-03-07,NU,606
2021-03-07,ON,1349412
2021-03-07,PE,19437
2021-03-07,QC,670139
2021-03-07,SK,73391
2021-03-07,YT,1045
2021-03-07,npts-ptso,219687
2021-03-08,AB,87298
2021-03-08,BC,175255
2021-03-08,MB,121389
2021-03-08,NB,79042
2021-03-08,NL,117605
2021-03-08,NT,2359
2021-03-08,NS,112491
2021-03-08,NU,615
2021-03-08,ON,1361421
2021-03-08,PE,19553
2021-03-08,QC,676024
2021-03-08,SK,73776
2021-03-08,YT,1046
2021-03-08,npts-ptso,221275
2021-03-09,AB,87729
2021-03-09,BC,175891
2021-03-09,MB,121855
2021-03-09,NB,79436
2021-03-09,NL,118036
2021-03-09,NT,2379
2021-03-09,NS,113050
2021-03-09,NU,617
2021-03-09,ON,1368820
2021-03-09,PE,19711
2021-03-09,QC,679534
2021-03-09,SK,74240
2021-03-09,YT,1058
2021-03-09,npts-ptso,222939
2021-03-10,AB,87871
2021-03-10,BC,176568
2021-03-10,MB,122220
2021-03-10,NB,79668
2021-03-10,NL,118416
2021-03-10,NT,2406
2021-03-10,NS,113217
2021-03-10,NU,619
2021-03-10,ON,1374773
2021-03-10,PE,19727
2021-03-10,QC,683820
2021-03-10,SK,74465
2021-03-10,YT,1064
2021-03-10,npts-ptso,224878
2021-03-11,AB,88034
2021-03-11,BC,176805
2021-03-11,MB,122510
2021-03-11,NB,79825
2021-03-11,NL,118709
2021-03-11,NT,2408
2021-03-11,NS,113492
2021-03-11,NU,619
2021-03-11,ON,1378609
2021-03-11,PE,19755
2021-03-11,QC,686203
2021-03-11,SK,74726
2021-03-11,YT,1064
2021-03-11,npts-ptso,226358
2021-03-12,AB,88071
2021-03-12,BC,177156
2021-03-12,MB,122818
2021-03-12,NB,80092
2021-03-12,NL,118688
2021-03-12,NT,2427
2021-03-12,NS,113627
2021-03-12,NU,625
2021-03-12,ON,1382094
2021-03-12,PE,19745
2021-03-12,QC,688999
2021-03-12,SK,74746
2021-03-12,YT,1083
2021-03-12,npts-ptso,228268
2021-03-13,AB,87957
2021-03-13,BC,176949
2021-03-13,MB,122384
2021-03-13,NB,79818
2021-03-13,NL,118200
2021-03-13,NT,2436
2021-03-13,NS,113537
2021-03-13,NU,628
2021-03-13,ON,1380274
2021-03-13,PE,19777
2021-03-13,QC,687007
2021-03-13,SK,74721
2021-03-13,YT,1069
2021-03-13,npts-ptso,229004
2021-03-14,AB,87894
2021-03-14,BC,176904
2021-03-14,MB,122528
2021-03-14,NB,80036
2021-03-14,NL,118178
2021-03-14,NT,2414
2021-03-14,NS,113622
2021-03-14,NU,627
2021-03-14,ON,1380947
2021-03-14,PE,19716
2021-03-14,QC,686556
2021-03-14,SK,74747
2021-03-14,YT,1070
2021-03-14,npts-ptso,229823
2021-03-15,AB,88101
2021-03-15,BC,177110
2021-03-15,MB,122895
2021-03-15,NB,80168
2021-03-15,NL,118399
2021-03-15,NT,2421
2021-03-15,NS,113913
2021-03-15,NU,627
2021-03-15,ON,1386824
2021-03-15,PE,19749
2021-03-15,QC,688400
2021-03-15,SK,75042
2021-03-15,YT,1077
2021-03-15,npts-ptso,231432
2021-03-16,AB,88160
2021-03-16,BC,177347
2021-03-16,MB,123093
2021-03-16,NB,80257
2021-03-16,NL,118577
2021-03-16,NT,2423
2021-03-16,NS,114134
2021-03-16,NU,638
2021-03-16,ON,1389491
2021-03-16,PE,19700
2021-03-16,QC,689224
2021-03-16,SK,75214
2021-03-16,YT,1080
2021-03-16,npts-ptso,232930
2021-03-17,AB,88270
2021-03-17,BC,177344
2021-03-17,MB,123347
2021-03-17,NB,80367
2021-03-17,NL,118503
2021-03-17,NT,2447
2021-03-17,NS,114337
2021-03-17,NU,640
2021-03-17,ON,1392843
2021-03-17,PE,19679
2021-03-17,QC,689483
2021-03-17,SK,75501
2021-03-17,YT,1082
2021-03-17,npts-ptso,235407
2021-03-18,AB,88173
2021-03-18,BC,177364
2021-03-18,MB,123488
2021-03-18,NB,80437
2021-03-18,NL,118733
2021-03-18,NT,2478
2021-03-18,NS,114591
2021-03-18,NU,637
2021-03-18,ON,1395137
2021-03-18,PE,19707
2021-03-18,QC,690195
2021-03-18,SK,75667
2021-03-18,YT,1093
2021-03-18,npts-ptso,236027
2021-03-19,AB,88225
2021-03-19,BC,177237
2021-03-19,MB,123655
2021-03-19,NB,80467
2021-03-19,NL,118499
2021-03-19,NT,2479
2021-03-19,NS,114762
2021-03-19,NU,633
2021-03-19,ON,1397408
2021-03-19,PE,19771
2021-03-19,QC,689488
2021-03-19,SK,75704
2021-03-19,YT,1084
2021-03-19,npts-ptso,236563
2021-03-20,AB,87948
2021-03-20,BC,177118
2021-03-20,MB,123328
2021-03-20,NB,80167
2021-03-20,NL,117870
2021-03-20,NT,2476
2021-03-20,NS,114638
2021-03-20,NU,636
2021-03-20,ON,1394434
2021-03-20,PE,19719
2021-03-20,QC,687088
2021-03-20,SK,75659
2021-03-20,YT,1084
2021-03-20,npts-ptso,236839
2021-03-21,AB,87868
2021-03-21,BC,176866
2021-03-21,MB,123062
2021-03-21,NB,80187
2021-03-21,NL,117857
2021-03-21,NT,2479
2021-03-21,NS,114658
2021-03-21,NU,643
2021-03-21,ON,1394132
2021-03-21,PE,19776
2021-03-21,QC,686231
2021-03-21,SK,75626
2021-03-21,YT,1084
2021-03-21,npts-ptso,237085
2021-03-22,AB,87923
2021-03-22,BC,176916
2021-03-22,MB,123614
2021-03-22,NB,80473
2021-03-22,NL,118051
2021-03-22,NT,2481
2021-03-22,NS,115166
2021-03-22,NU,641
2021-03-22,ON,1401000
2021-03-22,PE,19818
2021-03-22,QC,688897
2021-03-22,SK,75826
2021-03-22,YT,1095
2021-03-22,npts-ptso,238808
2021-03-23,AB,87936
2021-03-23,BC,177085
2021-03-23,MB,123988
2021-03-23,NB,80807
2021-03-23,NL,118272
2021-03-23,NT,2498
2021-03-23,NS,115612
2021-03-23,NU,642
2021-03-23,ON,1405493
2021-03-23,PE,19859
2021-03-23,QC,690375
2021-03-23,SK,76064
2021-03-23,YT,1088
2021-03-23,npts-ptso,241467
2021-03-24,AB,87886
2021-03-24,BC,177070
2021-03-24,MB,123892
2021-03-24,NB,80986
2021-03-24,NL,118380
2021-03-24,NT,2496
2021-03-24,NS,115808
2021-03-24,NU,652
2021-03-24,ON,1408403
2021-03-24,PE,19876
2021-03-24,QC,691921
2021-03-24,SK,76390
2021-03-24,YT,1096
2021-03-24,npts-ptso,241640
2021-03-25,AB,87906
2021-03-25,BC,177201
2021-03-25,MB,124357
2021-03-25,NB,81430
2021-03-25,NL,118621
2021-03-25,NT,2518
2021-03-25,NS,116369
2021-03-25,NU,656
2021-03-25,ON,1414097
2021-03-25,PE,19969
2021-03-25,QC,694812
2021-03-25,SK,76809
2021-03-25,YT,1098
2021-03-25,npts-ptso,243040
2021-03-26,AB,87965
2021-03-26,BC,177409
2021-03-26,MB,124544
2021-03-26,NB,81617
2021-03-26,NL,118526
2021-03-26,NT,2521
2021-03-26,NS,116612
2021-03-26,NU,658
2021-03-26,ON,1416014
2021-03-26,PE,19995
2021-03-26,QC,695174
2021-03-26,SK,77014
2021-03-26,YT,1098
2021-03-26,npts-ptso,243992
2021-03-27,AB,87961
2021-03-27,BC,176970
2021-03-27,MB,124220
2021-03-27,NB,81386
2021-03-27,NL,117868
2021-03-27,NT,2544
2021-03-27,NS,116327
2021-03-27,NU,650
2021-03-27,ON,1413236
2021-03-27,PE,19984
2021-03-27,QC,693003
2021-03-27,SK,76897
2021-03-27,YT,1091
2021-03-27,npts-ptso,244114
2021-03-28,AB,87857
2021-03-28,BC,176886
2021-03-28,MB,124061
2021-03-28,NB,81416
2021-03-28,NL,117851
2021-03-28,NT,2532
2021-03-28,NS,116512
2021-03-28,NU,650
2021-03-28,ON,1412198
2021-03-28,PE,19955
2021-03-28,QC,691817
2021-03-28,SK,76885
2021-03-28,YT,1102
2021-03-28,npts-ptso,244622
2021-03-29,AB,87908
2021-03-29,BC,177185
2021-03-29,MB,124663
2021-03-29,NB,81792
2021-03-29,NL,118012
2021-03-29,NT,2560
2021-03-29,NS,116766
2021-03-29,NU,665
2021-03-29,ON,1419658
2021-03-29,PE,20024
2021-03-29,QC,694832
2021-03-29,SK,77097
2021-03-29,YT,1104
2021-03-29,npts-ptso,246179
2021-03-30,AB,87978
2021-03-30,BC,177488
2021-03-30,MB,124676
2021-03-30,NB,81907
2021-03-30,NL,118170
2021-03-30,NT,2557
2021-03-30,NS,117027
2021-03-30,NU,659
2021-03-30,ON,1423501
2021-03-30,PE,20048
2021-03-30,QC,696292
2021-03-30,SK,77188
2021-03-30,YT,1109
2021-03-30,npts-ptso,247525
2021-03-31,AB,87613
2021-03-31,BC,177508
2021-03-31,MB,124893
2021-03-31,NB,82001
2021-03-31,NL,118232
2021-03-31,NT,2560
2021-03-31,NS,117220
2021-03-31,NU,674
2021-03-31,ON,1425354
2021-03-31,PE,20044
2021-03-31,QC,697009
2021-03-31,SK,77377
2021-03-31,YT,1111
2021-03-31,npts-ptso,248862
2021-04-01,AB,88027
2021-04-01,BC,177669
2021-04-01,MB,124969
2021-04-01,NB,81920
2021-04-01,NL,118353
2021-04-01,NT,2589
2021-04-01,NS,117275
2021-04-01,NU,667
2021-04-01,ON,1428353
2021-04-01,PE,20057
2021-04-01,QC,697421
2021-04-01,SK,77564
2021-04-01,YT,1112
2021-04-01,npts-ptso,250403
2021-04-02,AB,87874
2021-04-02,BC,177491
2021-04-02,MB,124458
2021-04-02,NB,81648
2021-04-02,NL,118038
2021-04-02,NT,2567
2021-04-02,NS,116967
2021-04-02,NU,666
2021-04-02,ON,1425704
2021-04-02,PE,19964
2021-04-02,QC,696749
2021-04-02,SK,77506
2021-04-02,YT,1100
2021-04-02,npts-ptso,250298
2021-04-03,AB,87679
2021-04-03,BC,177044
2021-04-03,MB,124385
2021-04-03,NB,81731
2021-04-03,NL,117954
2021-04-03,NT,2569
2021-04-03,NS,116994
2021-04-03,NU,677
2021-04-03,ON,1425927
2021-04-03,PE,20005
2021-04-03,QC,694774
2021-04-03,SK,77531
2021-04-03,YT,1080
2021-04-03,npts-ptso,250041
2021-04-04,AB,87631
2021-04-04,BC,176984
2021-04-04,MB,124291
2021-04-04,NB,81443
2021-04-04,NL,117835
2021-04-04,NT,2577
2021-04-04,NS,116780
2021-04-04,NU,671
2021-04-04,ON,1426489
2021-04-04,PE,19978
2021-04-04,QC,694334
2021-04-04,SK,77570
2021-04-04,YT,1078
2021-04-04,npts-ptso,250225
2021-04-05,AB,87714
2021-04-05,BC,177299
2021-04-05,MB,124973
2021-04-05,NB,81900
2021-04-05,NL,118225
2021-04-05,NT,2586
2021-04-05,NS,117185
2021-04-05,NU,673
2021-04-05,ON,1433805
2021-04-05,PE,20027
2021-04-05,QC,696360
2021-04-05,SK,77799
2021-04-05,YT,1096
2021-04-05,npts-ptso,251068
2021-04-06,AB,87933
2021-04-06,BC,177675
2021-04-06,MB,125599
2021-04-06,NB,82212
2021-04-06,NL,118455
2021-04-06,NT,2585
2021-04-06,NS,117703
2021-04-06,NU,679
2021-04-06,ON,1442026
2021-04-06,PE,20088
2021-04-06,QC,698896
2021-04-06,SK,77919
2021-04-06,YT,1106
2021-04-06,npts-ptso,253269
2021-04-07,AB,87945
2021-04-07,BC,177819
2021-04-07,MB,125712
2021-04-07,NB,82298
2021-04-07,NL,118406
2021-04-07,NT,2599
2021-04-07,NS,117954
2021-04-07,NU,682
2021-04-07,ON,1445551
2021-04-07,PE,20096
2021-04-07,QC,699382
2021-04-07,SK,78096
2021-04-07,YT,1100
2021-04-07,npts-ptso,254100
2021-04-08,AB,88009
2021-04-08,BC,177788
2021-04-08,MB,125947
2021-04-08,NB,82444
2021-04-08,NL,118383
2021-04-08,NT,2611
2021-04-08,NS,117946
2021-04-08,NU,690
2021-04-08,ON,1449306
2021-04-08,PE,20146
2021-04-08,QC,700290
2021-04-08,SK,78115
2021-04-08,YT,1097
2021-04-08,npts-ptso,255442
2021-04-09,AB,87977
2021-04-09,BC,177830
2021-04-09,MB,125871
2021-04-09,NB,82341
2021-04-09,NL,118418
2021-04-09,NT,2618
2021-04-09,NS,117834
2021-04-09,NU,686
2021-04-09,ON,1449266
2021-04-09,PE,20116
2021-04-09,QC,699801
2021-04-09,SK,78174
2021-04-09,YT,1116
2021-04-09,npts-ptso,254456
2021-04-10,AB,87912
2021-04-10,BC,177662
2021-04-10,MB,125670
2021-04-10,NB,82439
2021-04-10,NL,118259
2021-04-10,NT,2610
2021-04-10,NS,117655
2021-04-10,NU,694
2021-04-10,ON,1447380
2021-04-10,PE,20124
2021-04-10,QC,700136
2021-04-10,SK,78238
2021-04-10,YT,1100
2021-04-10,npts-ptso,253938
2021-04-11,AB,87747
2021-04-11,BC,177548
2021-04-11,MB,125562
2021-04-11,NB,82759
2021-04-11,NL,118379
2021-04-11,NT,2605
2021-04-11,NS,117797
2021-04-11,NU,697
2021-04-11,ON,1447361
2021-04-11,PE,20036
2021-04-11,QC,700153
2021-04-11,SK,78242
2021-04-11,YT,1100
2021-04-11,npts-ptso,255628
2021-04-12,AB,88103
2021-04-12,BC,178083
2021-04-12,MB,126164
2021-04-12,NB,83273
2021-04-12,NL,119134
2021-04-12,NT,2626
2021-04-12,NS,118263
2021-04-12,NU,709
2021-04-12,ON,1454558
2021-04-12,PE,20143
2021-04-12,QC,703010
2021-04-12,SK,78538
2021-04-12,YT,1095
2021-04-12,npts-ptso,256333
2021-04-13,AB,88033
2021-04-13,BC,178480
2021-04-13,MB,126361
2021-04-13,NB,83514
2021-04-13,NL,119329
2021-04-13,NT,2635
2021-04-13,NS,118401
2021-04-13,NU,705
2021-04-13,ON,1457146
2021-04-13,PE,20249
2021-04-13,QC,703684
2021-04-13,SK,78697
2021-04-13,YT,1104
2021-04-13,npts-ptso,256348
2021-04-14,AB,88046
2021-04-14,BC,178253
2021-04-14,MB,126435
2021-04-14,NB,83517
2021-04-14,NL,119246
2021-04-14,NT,2649
2021-04-14,NS,118316
2021-04-14,NU,699
2021-04-14,ON,1457237
2021-04-14,PE,20214
2021-04-14,QC,702936
2021-04-14,SK,78730
2021-04-14,YT,1113
2021-04-14,npts-ptso,256439
2021-04-15,AB,88080
2021-04-15,BC,178134
2021-04-15,MB,126615
2021-04-15,NB,83588
2021-04-15,NL,119264
2021-04-15,NT,2649
2021-04-15,NS,118471
2021-04-15,NU,711
2021-04-15,ON,1458791
2021-04-15,PE,20219
2021-04-15,QC,701918
2021-04-15,SK,78802
2021-04-15,YT,1106
2021-04-15,npts-ptso,256871
2021-04-16,AB,88131
2021-04-16,BC,178141
2021-04-16,MB,126714
2021-04-16,NB,83605
2021-04-16,NL,119291
2021-04-16,NT,2651
2021-04-16,NS,118505
2021-04-16,NU,725
2021-04-16,ON,1460694
2021-04-16,PE,20226
2021-04-16,QC,702182
2021-04-16,SK,78844
2021-04-16,YT,1117
2021-04-16,npts-ptso,257983
2021-04-17,AB,88018
2021-04-17,BC,177793
2021-04-17,MB,126398
2021-04-17,NB,83237
2021-04-17,NL,118861
2021-04-17,NT,2654
2021-04-17,NS,118192
2021-04-17,NU,746
2021-04-17,ON,1457360
2021-04-17,PE,20149
2021-04-17,QC,699541
2021-04-17,SK,78735
2021-04-17,YT,1121
2021-04-17,npts-ptso,256678
2021-04-18,AB,87844
2021-04-18,BC,177637
2021-04-18,MB,126260
2021-04-18,NB,83256
2021-04-18,NL,118917
2021-04-18,NT,2659
2021-04-18,NS,118331
2021-04-18,NU,764
2021-04-18,ON,1458068
2021-04-18,PE,20217
2021-04-18,QC,699148
2021-04-18,SK,78771
2021-04-18,YT,1115
2021-04-18,npts-ptso,256495
2021-04-19,AB,88034
2021-04-19,BC,178081
2021-04-19,MB,126767
2021-04-19,NB,83637
2021-04-19,NL,119329
2021-04-19,NT,2642
2021-04-19,NS,118924
2021-04-19,NU,781
2021-04-19,ON,1466959
2021-04-19,PE,20249
2021-04-19,QC,701730
2021-04-19,SK,78891
2021-04-19,YT,1115
2021-04-19,npts-ptso,258302
2021-04-20,AB,87884
2021-04-20,BC,177952
2021-04-20,MB,126942
2021-04-20,NB,83613
2021-04-20,NL,119274
2021-04-20,NT,2662
2021-04-20,NS,119423
2021-04-20,NU,800
2021-04-20,ON,1465851
2021-04-20,PE,20246
2021-04-20,QC,701041
2021-04-20,SK,79012
2021-04-20,YT,1120
2021-04-20,npts-ptso,258507
2021-04-21,AB,87915
2021-04-21,BC,177920
2021-04-21,MB,127100
2021-04-21,NB,83573
2021-04-21,NL,119144
2021-04-21,NT,2665
2021-04-21,NS,119998
2021-04-21,NU,783
2021-04-21,ON,1467035
2021-04-21,PE,20241
2021-04-21,QC,700213
2021-04-21,SK,79048
2021-04-21,YT,1110
2021-04-21,npts-ptso,259013
2021-04-22,AB,87742
2021-04-22,BC,177801
2021-04-22,MB,127088
2021-04-22,NB,83587
2021-04-22,NL,119071
2021-04-22,NT,2685
2021-04-22,NS,120760
2021-04-22,NU,791
2021-04-22,ON,1467017
2021-04-22,PE,20237
2021-04-22,QC,699751
2021-04-22,SK,79007
2021-04-22,YT,1114
2021-04-22,npts-ptso,259878
2021-04-23,AB,87742
2021-04-23,BC,177532
2021-04-23,MB,127095
2021-04-23,NB,83522
2021-04-23,NL,118909
2021-04-23,NT,2700
2021-04-23,NS,121586
2021-04-23,NU,787
2021-04-23,ON,1466956
2021-04-23,PE,20204
2021-04-23,QC,699011
2021-04-23,SK,79029
2021-04-23,YT,1115
2021-04-23,npts-ptso,260524
2021-04-24,AB,87614
2021-04-24,BC,177236
2021-04-24,MB,126756
2021-04-24,NB,83304
2021-04-24,NL,118560
2021-04-24,NT,2736
2021-04-24,NS,122392
2021-04-24,NU,804
2021-04-24,ON,1462500
2021-04-24,PE,20230
2021-04-24,QC,695908
2021-04-24,SK,78992
2021-04-24,YT,1094
2021-04-24,npts-ptso,260471
2021-04-25,AB,87434
2021-04-25,BC,176938
2021-04-25,MB,126660
2021-04-25,NB,83199
2021-04-25,NL,118339
2021-04-25,NT,2777
2021-04-25,NS,123613
2021-04-25,NU,799
2021-04-25,ON,1461158
2021-04-25,PE,20247
2021-04-25,QC,694726
2021-04-25,SK,78837
2021-04-25,YT,1101
2021-04-25,npts-ptso,260561
2021-04-26,AB,87463
2021-04-26,BC,177001
2021-04-26,MB,127178
2021-04-26,NB,83716
2021-04-26,NL,118720
2021-04-26,NT,2804
2021-04-26,NS,125058
2021-04-26,NU,806
2021-04-26,ON,1466393
2021-04-26,PE,20274
2021-04-26,QC,695994
2021-04-26,SK,79030
2021-04-26,YT,1104
2021-04-26,npts-ptso,261953
2021-04-27,AB,87559
2021-04-27,BC,177171
2021-04-27,MB,127400
2021-04-27,NB,83926
2021-04-27,NL,118592
2021-04-27,NT,2806
2021-04-27,NS,126627
2021-04-27,NU,811
2021-04-27,ON,1466520
2021-04-27,PE,20307
2021-04-27,QC,695925
2021-04-27,SK,79053
2021-04-27,YT,1113
2021-04-27,npts-ptso,262436
2021-04-28,AB,87370
2021-04-28,BC,176959
2021-04-28,MB,127462
2021-04-28,NB,84028
2021-04-28,NL,118482
2021-04-28,NT,2833
2021-04-28,NS,127321
2021-04-28,NU,807
2021-04-28,ON,1466962
2021-04-28,PE,20253
2021-04-28,QC,695144
2021-04-28,SK,79107
2021-04-28,YT,1106
2021-04-28,npts-ptso,262159
2021-04-29,AB,87407
2021-04-29,BC,176854
2021-04-29,MB,127452
2021-04-29,NB,84245
2021-04-29,NL,118404
2021-04-29,NT,2833
2021-04-29,NS,127748
2021-04-29,NU,809
2021-04-29,ON,1466807
2021-04-29,PE,20223
2021-04-29,QC,694740
2021-04-29,SK,79070
2021-04-29,YT,1112
2021-04-29,npts-ptso,262069
2021-04-30,AB,87406
2021-04-30,BC,176669
2021-04-30,MB,127621
2021-04-30,NB,84309
2021-04-30,NL,118474
2021-04-30,NT,2832
2021-04-30,NS,128045
2021-04-30,NU,805
2021-04-30,ON,1466875
2021-04-30,PE,20293
2021-04-30,QC,693804
2021-04-30,SK,79030
2021-04-30,YT,1107
2021-04-30,npts-ptso,262691
2021-05-01,AB,87170
2021-05-01,BC,176132
2021-05-01,MB,127060
2021-05-01,NB,84091
2021-05-01,NL,118102
2021-05-01,NT,2809
2021-05-01,NS,127913
2021-05-01,NU,816
2021-05-01,ON,1461374
2021-05-01,PE,20219
2021-05-01,QC,690204
2021-05-01,SK,78863
2021-05-01,YT,1109
2021-05-01,npts-ptso,262199
2021-05-02,AB,87089
2021-05-02,BC,175782
2021-05-02,MB,126811
2021-05-02,NB,83950
2021-05-02,NL,118236
2021-05-02,NT,2817
2021-05-02,NS,128263
2021-05-02,NU,805
2021-05-02,ON,1459568
2021-05-02,PE,20190
2021-05-02,QC,689813
2021-05-02,SK,78798
2021-05-02,YT,1097
2021-05-02,npts-ptso,262406
2021-05-03,AB,87271
2021-05-03,BC,175834
2021-05-03,MB,127325
2021-05-03,NB,84231
2021-05-03,NL,118575
2021-05-03,NT,2874
2021-05-03,NS,128904
2021-05-03,NU,823
2021-05-03,ON,1464909
2021-05-03,PE,20296
2021-05-03,QC,691362
2021-05-03,SK,78933
2021-05-03,YT,1101
2021-05-03,npts-ptso,263753
2021-05-04,AB,87274
2021-05-04,BC,175853
2021-05-04,MB,127543
2021-05-04,NB,84396
2021-05-04,NL,118547
2021-05-04,NT,2960
2021-05-04,NS,129326
2021-05-04,NU,807
2021-05-04,ON,1465412
2021-05-04,PE,20283
2021-05-04,QC,691649
2021-05-04,SK,79018
2021-05-04,YT,1105
2021-05-04,npts-ptso,264270
2021-05-05,AB,87181
2021-05-05,BC,175740
2021-05-05,MB,127670
2021-05-05,NB,84538
2021-05-05,NL,118632
2021-05-05,NT,3020
2021-05-05,NS,129810
2021-05-05,NU,804
2021-05-05,ON,1464848
2021-05-05,PE,20249
2021-05-05,QC,690317
2021-05-05,SK,78952
2021-05-05,YT,1100
2021-05-05,npts-ptso,264700
2021-05-06,AB,87155
2021-05-06,BC,175385
2021-05-06,MB,127506
2021-05-06,NB,84358
2021-05-06,NL,118591
2021-05-06,NT,3044
2021-05-06,NS,130014
2021-05-06,NU,792
2021-05-06,ON,1464786
2021-05-06,PE,20285
2021-05-06,QC,689847
2021-05-06,SK,78831
2021-05-06,YT,1110
2021-05-06,npts-ptso,265490
2021-05-07,AB,87069
2021-05-07,BC,175260
2021-05-07,MB,127507
2021-05-07,NB,84391
2021-05-07,NL,118438
2021-05-07,NT,3049
2021-05-07,NS,130477
2021-05-07,NU,792
2021-05-07,ON,1463607
2021-05-07,PE,20291
2021-05-07,QC,688797
2021-05-07,SK,78761
2021-05-07,YT,1110
2021-05-07,npts-ptso,266029
2021-05-08,AB,86784
2021-05-08,BC,174803
2021-05-08,MB,127017
2021-05-08,NB,84129
2021-05-08,NL,118067
2021-05-08,NT,3034
2021-05-08,NS,130421
2021-05-08,NU,799
2021-05-08,ON,1457516
2021-05-08,PE,20321
2021-05-08,QC,685243
2021-05-08,SK,78627
2021-05-08,YT,1103
2021-05-08,npts-ptso,265362
2021-05-09,AB,86581
2021-05-09,BC,174551
2021-05-09,MB,127044
2021-05-09,NB,84042
2021-05-09,NL,117994
2021-05-09,NT,3067
2021-05-09,NS,130520
2021-05-09,NU,802
2021-05-09,ON,1455865
2021-05-09,PE,20277
2021-05-09,QC,685253
2021-05-09,SK,78482
2021-05-09,YT,1095
2021-05-09,npts-ptso,265413
2021-05-10,AB,86561
2021-05-10,BC,174598
2021-05-10,MB,127457
2021-05-10,NB,84191
2021-05-10,NL,118231
2021-05-10,NT,3054
2021-05-10,NS,131079
2021-05-10,NU,786
2021-05-10,ON,1459553
2021-05-10,PE,20320
2021-05-10,QC,685992
2021-05-10,SK,78579
2021-05-10,YT,1097
2021-05-10,npts-ptso,266869
2021-05-11,AB,86416
2021-05-11,BC,174462
2021-05-11,MB,127477
2021-05-11,NB,84221
2021-05-11,NL,118610
2021-05-11,NT,3058
2021-05-11,NS,131162
2021-05-11,NU,793
2021-05-11,ON,1459244
2021-05-11,PE,20337
2021-05-11,QC,685826
2021-05-11,SK,78639
2021-05-11,YT,1098
2021-05-11,npts-ptso,267644
2021-05-12,AB,86227
2021-05-12,BC,174407
2021-05-12,MB,127549
2021-05-12,NB,84247
2021-05-12,NL,118303
2021-05-12,NT,3082
2021-05-12,NS,131523
2021-05-12,NU,807
2021-05-12,ON,1457938
2021-05-12,PE,20376
2021-05-12,QC,684715
2021-05-12,SK,78633
2021-05-12,YT,1115
2021-05-12,npts-ptso,268199
2021-05-13,AB,86128
2021-05-13,BC,173903
2021-05-13,MB,127490
2021-05-13,NB,84471
2021-05-13,NL,118300
2021-05-13,NT,3065
2021-05-13,NS,131579
2021-05-13,NU,804
2021-05-13,ON,1457739
2021-05-13,PE,20349
2021-05-13,QC,683609
2021-05-13,SK,78451
2021-05-13,YT,1138
2021-05-13,npts-ptso,268549
2021-05-14,AB,85987
2021-05-14,BC,173729
2021-05-14,MB,127432
2021-05-14,NB,84232
2021-05-14,NL,117982
2021-05-14,NT,3079
2021-05-14,NS,131668
2021-05-14,NU,798
2021-05-14,ON,1456092
2021-05-14,PE,20315
2021-05-14,QC,682923
2021-05-14,SK,78359
2021-05-14,YT,1108
2021-05-14,npts-ptso,269212
2021-05-15,AB,85523
2021-05-15,BC,173060
2021-05-15,MB,126715
2021-05-15,NB,83845
2021-05-15,NL,117866
2021-05-15,NT,3071
2021-05-15,NS,131285
2021-05-15,NU,794
2021-05-15,ON,1449237
2021-05-15,PE,20308
2021-05-15,QC,677186
2021-05-15,SK,78073
2021-05-15,YT,1116
2021-05-15,npts-ptso,268149
2021-05-16,AB,85406
2021-05-16,BC,172689
2021-05-16,MB,126663
2021-05-16,NB,83791
2021-05-16,NL,117628
2021-05-16,NT,3062
2021-05-16,NS,131027
2021-05-16,NU,807
2021-05-16,ON,1447021
2021-05-16,PE,20294
2021-05-16,QC,677738
2021-05-16,SK,78008
2021-05-16,YT,1113
2021-05-16,npts-ptso,268315
2021-05-17,AB,85363
2021-05-17,BC,172603
2021-05-17,MB,127120
2021-05-17,NB,84122
2021-05-17,NL,117943
2021-05-17,NT,3097
2021-05-17,NS,131387
2021-05-17,NU,788
2021-05-17,ON,1451412
2021-05-17,PE,20309
2021-05-17,QC,679563
2021-05-17,SK,78137
2021-05-17,YT,1112
2021-05-17,npts-ptso,270171
2021-05-18,AB,85290
2021-05-18,BC,172518
2021-05-18,MB,127222
2021-05-18,NB,84277
2021-05-18,NL,117824
2021-05-18,NT,3105
2021-05-18,NS,131328
2021-05-18,NU,802
2021-05-18,ON,1450690
2021-05-18,PE,20346
2021-05-18,QC,679575
2021-05-18,SK,78076
2021-05-18,YT,1113
2021-05-18,npts-ptso,270974
2021-05-19,AB,86230
2021-05-19,BC,174622
2021-05-19,MB,128573
2021-05-19,NB,85322
2021-05-19,NL,120722
2021-05-19,NT,3154
2021-05-19,NS,133774
2021-05-19,NU,822
2021-05-19,ON,1470881
2021-05-19,PE,20605
2021-05-19,QC,688724
2021-05-19,SK,78878
2021-05-19,YT,1136
2021-05-19,npts-ptso,273168
2021-05-20,AB,91314
2021-05-20,BC,181904
2021-05-20,MB,148645
2021-05-20,NB,95369
2021-05-20,NL,130517
2021-05-20,NT,3477
2021-05-20,NS,148515
2021-05-20,NU,957
2021-05-20,ON,1688394
2021-05-20,PE,22527
2021-05-20,QC,808966
2021-05-20,SK,97217
2021-05-20,YT,1241
2021-05-20,npts-ptso,289274
2021-05-21,AB,45338
2021-05-21,BC,93970
2021-05-21,MB,108631
2021-05-21,NB,54850
2021-05-21,NL,97867
2021-05-21,NT,2163
2021-05-21,NS,256731
2021-05-21,NU,611
2021-05-21,ON,1347869
2021-05-21,PE,12685
2021-05-21,QC,1025727
2021-05-21,SK,51808
2021-05-21,YT,727
2021-05-21,npts-ptso,337860
2021-05-22,AB,55137
2021-05-22,BC,113099
2021-05-22,MB,202906
2021-05-22,NB,76792
2021-05-22,NL,181421
2021-05-22,NT,2243
2021-05-22,NS,413296
2021-05-22,NU,666
2021-05-22,ON,1751504
2021-05-22,PE,14470
2021-05-22,QC,1114310
2021-05-22,SK,84403
2021-05-22,YT,759
2021-05-22,npts-ptso,308891
2021-05-23,AB,63248
2021-05-23,BC,129636
2021-05-23,MB,137249
2021-05-23,NB,102938
2021-05-23,NL,256720
2021-05-23,NT,2494
2021-05-23,NS,335174
2021-05-23,NU,729
2021-05-23,ON,1792407
2021-05-23,PE,16489
2021-05-23,QC,1018441
2021-05-23,SK,216199
2021-05-23,YT,804
2021-05-23,npts-ptso,514982
2021-05-24,AB,67077
2021-05-24,BC,144964
2021-05-24,MB,369459
2021-05-24,NB,147472
2021-05-24,NL,194064
2021-05-24,NT,2573
2021-05-24,NS,240504
2021-05-24,NU,722
2021-05-24,ON,2072549
2021-05-24,PE,16728
2021-05-24,QC,1230786
2021-05-24,SK,74453
2021-05-24,YT,917
2021-05-24,npts-ptso,387875
2021-05-25,AB,68912
2021-05-25,BC,145891
2021-05-25,MB,135340
2021-05-25,NB,130619
2021-05-25,NL,142193
2021-05-25,NT,2612
2021-05-25,NS,284191
2021-05-25,NU,724
2021-05-25,ON,2579346
2021-05-25,PE,16865
2021-05-25,QC,1172477
2021-05-25,SK,122571
2021-05-25,YT,892
2021-05-25,npts-ptso,231015
2021-05-26,AB,82753
2021-05-26,BC,143340
2021-05-26,MB,135729
2021-05-26,NB,135315
2021-05-26,NL,214831
2021-05-26,NT,2682
2021-05-26,NS,365642
2021-05-26,NU,749
2021-05-26,ON,1802560
2021-05-26,PE,16909
2021-05-26,QC,1051308
2021-05-26,SK,111041
2021-05-26,YT,915
2021-05-26,npts-ptso,304341
2021-05-27,AB,79740
2021-05-27,BC,144148
2021-05-27,MB,336379
2021-05-27,NB,76540
2021-05-27,NL,343215
2021-05-27,NT,2619
2021-05-27,NS,204590
2021-05-27,NU,750
2021-05-27,ON,2270544
2021-05-27,PE,17066
2021-05-27,QC,900620
2021-05-27,SK,192098
2021-05-27,YT,902
2021-05-27,npts-ptso,233074
2021-05-28,AB,69735
2021-05-28,BC,157034
2021-05-28,MB,147479
2021-05-28,NB,78611
2021-05-28,NL,115404
2021-05-28,NT,2662
2021-05-28,NS,155519
2021-05-28,NU,740
2021-05-28,ON,2105953
2021-05-28,PE,17187
2021-05-28,QC,789883
2021-05-28,SK,101430
2021-05-28,YT,902
2021-05-28,npts-ptso,203908
2021-05-29,AB,69409
2021-05-29,BC,176659
2021-05-29,MB,135007
2021-05-29,NB,79509
2021-05-29,NL,173299
2021-05-29,NT,2656
2021-05-29,NS,134754
2021-05-29,NU,739
2021-05-29,ON,2368723
2021-05-29,PE,16872
2021-05-29,QC,832263
2021-05-29,SK,77747
2021-05-29,YT,933
2021-05-29,npts-ptso,193819
2021-05-30,AB,67951
2021-05-30,BC,231824
2021-05-30,MB,246290
2021-05-30,NB,77737
2021-05-30,NL,229271
2021-05-30,NT,2578
2021-05-30,NS,135857
2021-05-30,NU,698
2021-05-30,ON,2315822
2021-05-30,PE,17000
2021-05-30,QC,640863
2021-05-30,SK,135258
2021-05-30,YT,900
2021-05-30,npts-ptso,226903
2021-05-31,AB,67022
2021-05-31,BC,195946
2021-05-31,MB,211872
2021-05-31,NB,84586
2021-05-31,NL,157597
2021-05-31,NT,2637
2021-05-31,NS,133967
2021-05-31,NU,715
2021-05-31,ON,2221473
2021-05-31,PE,16931
2021-05-31,QC,716102
2021-05-31,SK,88608
2021-05-31,YT,919
2021-05-31,npts-ptso,301139
2021-06-01,AB,69054
2021-06-01,BC,150499
2021-06-01,MB,111669
2021-06-01,NB,90421
2021-06-01,NL,142523
2021-06-01,NT,2696
2021-06-01,NS,141557
2021-06-01,NU,780
2021-06-01,ON,2064520
2021-06-01,PE,33579
2021-06-01,QC,759183
2021-06-01,SK,66721
2021-06-01,YT,939
2021-06-01,npts-ptso,408929
2021-06-02,AB,81225
2021-06-02,BC,151404
2021-06-02,MB,167397
2021-06-02,NB,100787
2021-06-02,NL,177864
2021-06-02,NT,2873
2021-06-02,NS,195331
2021-06-02,NU,834
2021-06-02,ON,2164394
2021-06-02,PE,19648
2021-06-02,QC,1103636
2021-06-02,SK,78665
2021-06-02,YT,994
2021-06-02,npts-ptso,349787
2021-06-03,AB,79408
2021-06-03,BC,150715
2021-06-03,MB,180873
2021-06-03,NB,118524
2021-06-03,NL,181754
2021-06-03,NT,2874
2021-06-03,NS,198453
2021-06-03,NU,839
2021-06-03,ON,2190632
2021-06-03,PE,18554
2021-06-03,QC,943074
2021-06-03,SK,74697
2021-06-03,YT,1010
2021-06-03,npts-ptso,432271
2021-06-04,AB,94135
2021-06-04,BC,180291
2021-06-04,MB,197250
2021-06-04,NB,135590
2021-06-04,NL,195513
2021-06-04,NT,3404
2021-06-04,NS,229016
2021-06-04,NU,954
2021-06-04,ON,2328349
2021-06-04,PE,22785
2021-06-04,QC,984578
2021-06-04,SK,92809
2021-06-04,YT,1215
2021-06-04,npts-ptso,272533
2021-06-05,AB,98866
2021-06-05,BC,184471
2021-06-05,MB,210269
2021-06-05,NB,126576
2021-06-05,NL,170377
2021-06-05,NT,3466
2021-06-05,NS,238923
2021-06-05,NU,960
2021-06-05,ON,2292080
2021-06-05,PE,23457
2021-06-05,QC,1056863
2021-06-05,SK,92457
2021-06-05,YT,1249
2021-06-05,npts-ptso,265336
2021-06-06,AB,105007
2021-06-06,BC,181448
2021-06-06,MB,184327
2021-06-06,NB,149238
2021-06-06,NL,167340
2021-06-06,NT,3406
2021-06-06,NS,246472
2021-06-06,NU,975
2021-06-06,ON,2106792
2021-06-06,PE,24073
2021-06-06,QC,985851
2021-06-06,SK,90895
2021-06-06,YT,1224
2021-06-06,npts-ptso,252759
2021-06-07,AB,102810
2021-06-07,BC,181344
2021-06-07,MB,205046
2021-06-07,NB,136442
2021-06-07,NL,177654
2021-06-07,NT,3484
2021-06-07,NS,223491
2021-06-07,NU,978
2021-06-07,ON,2106104
2021-06-07,PE,22994
2021-06-07,QC,967104
2021-06-07,SK,90931
2021-06-07,YT,1234
2021-06-07,npts-ptso,266486
2021-06-08,AB,94890
2021-06-08,BC,183922
2021-06-08,MB,331021
2021-06-08,NB,132314
2021-06-08,NL,183838
2021-06-08,NT,3481
2021-06-08,NS,245329
2021-06-08,NU,974
2021-06-08,ON,2028383
2021-06-08,PE,23642
2021-06-08,QC,929658
2021-06-08,SK,90692
2021-06-08,YT,1268
2021-06-08,npts-ptso,265945
2021-06-09,AB,94735
2021-06-09,BC,181998
2021-06-09,MB,195889
2021-06-09,NB,126877
2021-06-09,NL,183867
2021-06-09,NT,3499
2021-06-09,NS,210800
2021-06-09,NU,1010
2021-06-09,ON,1948777
2021-06-09,PE,24141
2021-06-09,QC,958697
2021-06-09,SK,91348
2021-06-09,YT,1258
2021-06-09,npts-ptso,275299
2021-06-10,AB,92553
2021-06-10,BC,181989
2021-06-10,MB,298848
2021-06-10,NB,120529
2021-06-10,NL,189315
2021-06-10,NT,3509
2021-06-10,NS,207252
2021-06-10,NU,975
2021-06-10,ON,1952778
2021-06-10,PE,23556
2021-06-10,QC,965479
2021-06-10,SK,89709
2021-06-10,YT,1285
2021-06-10,npts-ptso,274078
2021-06-11,AB,107983
2021-06-11,BC,180509
2021-06-11,MB,191497
2021-06-11,NB,116657
2021-06-11,NL,178335
2021-06-11,NT,3494
2021-06-11,NS,210966
2021-06-11,NU,1010
2021-06-11,ON,1909345
2021-06-11,PE,23997
2021-06-11,QC,946819
2021-06-11,SK,90710
2021-06-11,YT,1242
2021-06-11,npts-ptso,276281
2021-06-12,AB,91992
2021-06-12,BC,182010
2021-06-12,MB,211348
2021-06-12,NB,125787
2021-06-12,NL,171691
2021-06-12,NT,3542
2021-06-12,NS,209352
2021-06-12,NU,983
2021-06-12,ON,1875948
2021-06-12,PE,23959
2021-06-12,QC,905545
2021-06-12,SK,87738
2021-06-12,YT,1233
2021-06-12,npts-ptso,266068
2021-06-13,AB,90497
2021-06-13,BC,180559
2021-06-13,MB,255181
2021-06-13,NB,114724
2021-06-13,NL,168868
2021-06-13,NT,3527
2021-06-13,NS,224070
2021-06-13,NU,994
2021-06-13,ON,1903657
2021-06-13,PE,23681
2021-06-13,QC,898162
2021-06-13,SK,89058
2021-06-13,YT,1253
2021-06-13,npts-ptso,276594
2021-06-14,AB,91383
2021-06-14,BC,180730
2021-06-14,MB,194067
2021-06-14,NB,121199
2021-06-14,NL,197258
2021-06-14,NT,3500
2021-06-14,NS,213400
2021-06-14,NU,992
2021-06-14,ON,1908782
2021-06-14,PE,23363
2021-06-14,QC,872806
2021-06-14,SK,87593
2021-06-14,YT,1281
2021-06-14,npts-ptso,286097
2021-06-15,AB,91208
2021-06-15,BC,180619
2021-06-15,MB,176265
2021-06-15,NB,113347
2021-06-15,NL,185702
2021-06-15,NT,3547
2021-06-15,NS,217590
2021-06-15,NU,1009
2021-06-15,ON,1896953
2021-06-15,PE,23420
2021-06-15,QC,880955
2021-06-15,SK,98910
2021-06-15,YT,1301
2021-06-15,npts-ptso,412830
2021-06-16,AB,92000
2021-06-16,BC,180373
2021-06-16,MB,174711
2021-06-16,NB,114721
2021-06-16,NL,186261
2021-06-16,NT,3508
2021-06-16,NS,202223
2021-06-16,NU,983
2021-06-16,ON,1896580
2021-06-16,PE,23907
2021-06-16,QC,874444
2021-06-16,SK,89867
2021-06-16,YT,1275
2021-06-16,npts-ptso,427436
2021-06-17,AB,99070
2021-06-17,BC,179885
2021-06-17,MB,177651
2021-06-17,NB,104837
2021-06-17,NL,184254
2021-06-17,NT,3543
2021-06-17,NS,200412
2021-06-17,NU,1003
2021-06-17,ON,1828196
2021-06-17,PE,23717
2021-06-17,QC,841643
2021-06-17,SK,85568
2021-06-17,YT,1319
2021-06-17,npts-ptso,414877
2021-06-18,AB,88809
2021-06-18,BC,179207
2021-06-18,MB,155234
2021-06-18,NB,111272
2021-06-18,NL,176623
2021-06-18,NT,3510
2021-06-18,NS,191595
2021-06-18,NU,1006
2021-06-18,ON,1845704
2021-06-18,PE,23362
2021-06-18,QC,840340
2021-06-18,SK,90689
2021-06-18,YT,1316
2021-06-18,npts-ptso,416413
2021-06-19,AB,91263
2021-06-19,BC,177962
2021-06-19,MB,165241
2021-06-19,NB,109126
2021-06-19,NL,188934
2021-06-19,NT,3472
2021-06-19,NS,193792
2021-06-19,NU,984
2021-06-19,ON,1811257
2021-06-19,PE,22724
2021-06-19,QC,826028
2021-06-19,SK,88509
2021-06-19,YT,1230
2021-06-19,npts-ptso,402856
2021-06-20,AB,92053
2021-06-20,BC,177958
2021-06-20,MB,158179
2021-06-20,NB,107999
2021-06-20,NL,171692
2021-06-20,NT,3428
2021-06-20,NS,204047
2021-06-20,NU,994
2021-06-20,ON,1819704
2021-06-20,PE,22374
2021-06-20,QC,816334
2021-06-20,SK,87784
2021-06-20,YT,1247
2021-06-20,npts-ptso,400510
2021-06-21,AB,93295
2021-06-21,BC,178532
2021-06-21,MB,154617
2021-06-21,NB,100918
2021-06-21,NL,165903
2021-06-21,NT,3522
2021-06-21,NS,188402
2021-06-21,NU,981
2021-06-21,ON,1798840
2021-06-21,PE,22399
2021-06-21,QC,811249
2021-06-21,SK,87432
2021-06-21,YT,1298
2021-06-21,npts-ptso,403449
2021-06-22,AB,91846
2021-06-22,BC,180514
2021-06-22,MB,152711
2021-06-22,NB,100636
2021-06-22,NL,164386
2021-06-22,NT,3604
2021-06-22,NS,188244
2021-06-22,NU,1012
2021-06-22,ON,1765301
2021-06-22,PE,22577
2021-06-22,QC,799363
2021-06-22,SK,89366
2021-06-22,YT,1324
2021-06-22,npts-ptso,399797
2021-06-23,AB,129044
2021-06-23,BC,249877
2021-06-23,MB,207983
2021-06-23,NB,129508
2021-06-23,NL,197551
2021-06-23,NT,4608
2021-06-23,NS,235094
2021-06-23,NU,1269
2021-06-23,ON,2291452
2021-06-23,PE,30260
2021-06-23,QC,1037539
2021-06-23,SK,118009
2021-06-23,YT,1720
2021-06-23,npts-ptso,529977
2021-06-24,AB,99747
2021-06-24,BC,193372
2021-06-24,MB,165746
2021-06-24,NB,109283
2021-06-24,NL,166217
2021-06-24,NT,3883
2021-06-24,NS,190691
2021-06-24,NU,1097
2021-06-24,ON,1872241
2021-06-24,PE,24781
2021-06-24,QC,862634
2021-06-24,SK,93774
2021-06-24,YT,1420
2021-06-24,npts-ptso,434804
2021-06-25,AB,90980
2021-06-25,BC,181448
2021-06-25,MB,155866
2021-06-25,NB,99718
2021-06-25,NL,148930
2021-06-25,NT,3592
2021-06-25,NS,172599
2021-06-25,NU,1012
2021-06-25,ON,1760037
2021-06-25,PE,22813
2021-06-25,QC,806650
2021-06-25,SK,87642
2021-06-25,YT,1327
2021-06-25,npts-ptso,405841
2021-06-26,AB,92274
2021-06-26,BC,176870
2021-06-26,MB,157302
2021-06-26,NB,98098
2021-06-26,NL,142481
2021-06-26,NT,3518
2021-06-26,NS,168914
2021-06-26,NU,1024
2021-06-26,ON,1767668
2021-06-26,PE,22537
2021-06-26,QC,814526
2021-06-26,SK,86324
2021-06-26,YT,1267
2021-06-26,npts-ptso,401396
2021-06-27,AB,93940
2021-06-27,BC,183010
2021-06-27,MB,153728
2021-06-27,NB,97912
2021-06-27,NL,144501
2021-06-27,NT,3524
2021-06-27,NS,162352
2021-06-27,NU,1008
2021-06-27,ON,1752664
2021-06-27,PE,22429
2021-06-27,QC,886480
2021-06-27,SK,85230
2021-06-27,YT,1303
2021-06-27,npts-ptso,402955
2021-06-28,AB,90785
2021-06-28,BC,179724
2021-06-28,MB,154302
2021-06-28,NB,98904
2021-06-28,NL,143424
2021-06-28,NT,3580
2021-06-28,NS,164383
2021-06-28,NU,1030
2021-06-28,ON,1751933
2021-06-28,PE,22393
2021-06-28,QC,865305
2021-06-28,SK,87430
2021-06-28,YT,1316
2021-06-28,npts-ptso,398540
2021-06-29,AB,90110
2021-06-29,BC,180317
2021-06-29,MB,151492
2021-06-29,NB,98409
2021-06-29,NL,150144
2021-06-29,NT,3535
2021-06-29,NS,163175
2021-06-29,NU,1019
2021-06-29,ON,1739026
2021-06-29,PE,22328
2021-06-29,QC,831866
2021-06-29,SK,85675
2021-06-29,YT,1278
2021-06-29,npts-ptso,401545
2021-06-30,AB,86538
2021-06-30,BC,176412
2021-06-30,MB,160444
2021-06-30,NB,97682
2021-06-30,NL,142784
2021-06-30,NT,3555
2021-06-30,NS,162045
2021-06-30,NU,1070
2021-06-30,ON,1739682
2021-06-30,PE,22356
2021-06-30,QC,925544
2021-06-30,SK,85869
2021-06-30,YT,1350
2021-06-30,npts-ptso,411978
2021-07-01,AB,84853
2021-07-01,BC,174519
2021-07-01,MB,151416
2021-07-01,NB,97169
2021-07-01,NL,143888
2021-07-01,NT,3504
2021-07-01,NS,159300
2021-07-01,NU,1025
2021-07-01,ON,1745319
2021-07-01,PE,22262
2021-07-01,QC,807937
2021-07-01,SK,85187
2021-07-01,YT,1294
2021-07-01,npts-ptso,401182
2021-07-02,AB,86303
2021-07-02,BC,172780
2021-07-02,MB,149341
2021-07-02,NB,96266
2021-07-02,NL,143379
2021-07-02,NT,3528
2021-07-02,NS,160159
2021-07-02,NU,1028
2021-07-02,ON,1687395
2021-07-02,PE,22224
2021-07-02,QC,767471
2021-07-02,SK,86460
2021-07-02,YT,1314
2021-07-02,npts-ptso,403106
2021-07-03,AB,83922
2021-07-03,BC,174073
2021-07-03,MB,148377
2021-07-03,NB,95072
2021-07-03,NL,142031
2021-07-03,NT,3461
2021-07-03,NS,158178
2021-07-03,NU,1029
2021-07-03,ON,1669242
2021-07-03,PE,22198
2021-07-03,QC,759863
2021-07-03,SK,83727
2021-07-03,YT,1272
2021-07-03,npts-ptso,405030
2021-07-04,AB,84191
2021-07-04,BC,172735
2021-07-04,MB,151395
2021-07-04,NB,100430
2021-07-04,NL,143205
2021-07-04,NT,3466
2021-07-04,NS,163336
2021-07-04,NU,1031
2021-07-04,ON,1672805
2021-07-04,PE,22199
2021-07-04,QC,795775
2021-07-04,SK,84148
2021-07-04,YT,1320
2021-07-04,npts-ptso,400546
2021-07-05,AB,84872
2021-07-05,BC,173110
2021-07-05,MB,151105
2021-07-05,NB,100062
2021-07-05,NL,138189
2021-07-05,NT,3501
2021-07-05,NS,157657
2021-07-05,NU,1047
2021-07-05,ON,1676681
2021-07-05,PE,22110
2021-07-05,QC,762914
2021-07-05,SK,83937
2021-07-05,YT,1340
2021-07-05,npts-ptso,403945
2021-07-06,AB,83860
2021-07-06,BC,172853
2021-07-06,MB,150034
2021-07-06,NB,108247
2021-07-06,NL,137405
2021-07-06,NT,3513
2021-07-06,NS,161934
2021-07-06,NU,1042
2021-07-06,ON,1675385
2021-07-06,PE,22163
2021-07-06,QC,751317
2021-07-06,SK,83328
2021-07-06,YT,1342
2021-07-06,npts-ptso,438579
2021-07-07,AB,83371
2021-07-07,BC,171776
2021-07-07,MB,143760
2021-07-07,NB,99026
2021-07-07,NL,138985
2021-07-07,NT,3487
2021-07-07,NS,161940
2021-07-07,NU,1067
2021-07-07,ON,1682275
2021-07-07,PE,22106
2021-07-07,QC,763205
2021-07-07,SK,82960
2021-07-07,YT,1314
2021-07-07,npts-ptso,422537
2021-07-08,AB,83063
2021-07-08,BC,170513
2021-07-08,MB,148295
2021-07-08,NB,107897
2021-07-08,NL,138497
2021-07-08,NT,3511
2021-07-08,NS,162680
2021-07-08,NU,1052
2021-07-08,ON,1671347
2021-07-08,PE,22081
2021-07-08,QC,754350
2021-07-08,SK,82860
2021-07-08,YT,1348
2021-07-08,npts-ptso,422809
2021-07-09,AB,82724
2021-07-09,BC,169898
2021-07-09,MB,160653
2021-07-09,NB,95300
2021-07-09,NL,136889
2021-07-09,NT,3503
2021-07-09,NS,159566
2021-07-09,NU,1062
2021-07-09,ON,1666589
2021-07-09,PE,22069
2021-07-09,QC,749185
2021-07-09,SK,82768
2021-07-09,YT,1334
2021-07-09,npts-ptso,411251
2021-07-10,AB,82050
2021-07-10,BC,168450
2021-07-10,MB,146020
2021-07-10,NB,93983
2021-07-10,NL,139036
2021-07-10,NT,3484
2021-07-10,NS,157590
2021-07-10,NU,1047
2021-07-10,ON,1647777
2021-07-10,PE,21958
2021-07-10,QC,742209
2021-07-10,SK,82082
2021-07-10,YT,1332
2021-07-10,npts-ptso,417130
2021-07-11,AB,82376
2021-07-11,BC,168930
2021-07-11,MB,146200
2021-07-11,NB,95938
2021-07-11,NL,136653
2021-07-11,NT,3476
2021-07-11,NS,160028
2021-07-11,NU,1080
2021-07-11,ON,1644788
2021-07-11,PE,21947
2021-07-11,QC,750622
2021-07-11,SK,82114
2021-07-11,YT,1329
2021-07-11,npts-ptso,483725
2021-07-12,AB,80796
2021-07-12,BC,167413
2021-07-12,MB,144528
2021-07-12,NB,96450
2021-07-12,NL,140459
2021-07-12,NT,3526
2021-07-12,NS,163418
2021-07-12,NU,1053
2021-07-12,ON,1657148
2021-07-12,PE,21754
2021-07-12,QC,748827
2021-07-12,SK,81598
2021-07-12,YT,1370
2021-07-12,npts-ptso,510604
2021-07-13,AB,82600
2021-07-13,BC,169539
2021-07-13,MB,147015
2021-07-13,NB,98206
2021-07-13,NL,140875
2021-07-13,NT,3550
2021-07-13,NS,160115
2021-07-13,NU,1050
2021-07-13,ON,1653242
2021-07-13,PE,21889
2021-07-13,QC,754956
2021-07-13,SK,82119
2021-07-13,YT,1330
2021-07-13,npts-ptso,452077
2021-07-14,AB,82404
2021-07-14,BC,168114
2021-07-14,MB,142054
2021-07-14,NB,97929
2021-07-14,NL,143919
2021-07-14,NT,3534
2021-07-14,NS,157785
2021-07-14,NU,1082
2021-07-14,ON,1666756
2021-07-14,PE,21909
2021-07-14,QC,747423
2021-07-14,SK,79801
2021-07-14,YT,1337
2021-07-14,npts-ptso,414214
2021-07-15,AB,81305
2021-07-15,BC,167611
2021-07-15,MB,146347
2021-07-15,NB,97483
2021-07-15,NL,143737
2021-07-15,NT,3515
2021-07-15,NS,158069
2021-07-15,NU,1061
2021-07-15,ON,1650810
2021-07-15,PE,21624
2021-07-15,QC,745130
2021-07-15,SK,83062
2021-07-15,YT,1376
2021-07-15,npts-ptso,412460
2021-07-16,AB,81029
2021-07-16,BC,167143
2021-07-16,MB,141066
2021-07-16,NB,98412
2021-07-16,NL,141580
2021-07-16,NT,3509
2021-07-16,NS,159878
2021-07-16,NU,1068
2021-07-16,ON,1639026
2021-07-16,PE,21763
2021-07-16,QC,740162
2021-07-16,SK,81328
2021-07-16,YT,1344
2021-07-16,npts-ptso,409265
2021-07-17,AB,80456
2021-07-17,BC,166374
2021-07-17,MB,143201
2021-07-17,NB,92704
2021-07-17,NL,138196
2021-07-17,NT,3500
2021-07-17,NS,158377
2021-07-17,NU,1054
2021-07-17,ON,1627514
2021-07-17,PE,21728
2021-07-17,QC,732809
2021-07-17,SK,80974
2021-07-17,YT,1318
2021-07-17,npts-ptso,408050
2021-07-18,AB,80897
2021-07-18,BC,166173
2021-07-18,MB,147597
2021-07-18,NB,95559
2021-07-18,NL,139162
2021-07-18,NT,3463
2021-07-18,NS,157151
2021-07-18,NU,1024
2021-07-18,ON,1627807
2021-07-18,PE,21587
2021-07-18,QC,738084
2021-07-18,SK,80760
2021-07-18,YT,1301
2021-07-18,npts-ptso,405310
2021-07-19,AB,80454
2021-07-19,BC,165879
2021-07-19,MB,149908
2021-07-19,NB,97493
2021-07-19,NL,135702
2021-07-19,NT,3517
2021-07-19,NS,158130
2021-07-19,NU,1045
2021-07-19,ON,1628167
2021-07-19,PE,21862
2021-07-19,QC,736480
2021-07-19,SK,81955
2021-07-19,YT,1359
2021-07-19,npts-ptso,406178
2021-07-20,AB,80180
2021-07-20,BC,166344
2021-07-20,MB,146556
2021-07-20,NB,98193
2021-07-20,NL,137226
2021-07-20,NT,3521
2021-07-20,NS,156415
2021-07-20,NU,1039
2021-07-20,ON,1639474
2021-07-20,PE,21647
2021-07-20,QC,747012
2021-07-20,SK,80063
2021-07-20,YT,1332
2021-07-20,npts-ptso,413026
2021-07-21,AB,81160
2021-07-21,BC,165681
2021-07-21,MB,147234
2021-07-21,NB,97808
2021-07-21,NL,146363
2021-07-21,NT,3529
2021-07-21,NS,155499
2021-07-21,NU,1037
2021-07-21,ON,1613606
2021-07-21,PE,21672
2021-07-21,QC,746381
2021-07-21,SK,81358
2021-07-21,YT,1343
2021-07-21,npts-ptso,408947
2021-07-22,AB,79327
2021-07-22,BC,165055
2021-07-22,MB,142120
2021-07-22,NB,98208
2021-07-22,NL,136087
2021-07-22,NT,3499
2021-07-22,NS,152996
2021-07-22,NU,1044
2021-07-22,ON,1607597
2021-07-22,PE,21631
2021-07-22,QC,730772
2021-07-22,SK,79893
2021-07-22,YT,1331
2021-07-22,npts-ptso,410630
2021-07-23,AB,79934
2021-07-23,BC,165076
2021-07-23,MB,146875
2021-07-23,NB,98315
2021-07-23,NL,137203
2021-07-23,NT,3478
2021-07-23,NS,153176
2021-07-23,NU,1025
2021-07-23,ON,1616642
2021-07-23,PE,21618
2021-07-23,QC,725340
2021-07-23,SK,79771
2021-07-23,YT,1338
2021-07-23,npts-ptso,419502
2021-07-24,AB,78365
2021-07-24,BC,162342
2021-07-24,MB,141257
2021-07-24,NB,94064
2021-07-24,NL,135548
2021-07-24,NT,3518
2021-07-24,NS,152115
2021-07-24,NU,1022
2021-07-24,ON,1600638
2021-07-24,PE,21496
2021-07-24,QC,717790
2021-07-24,SK,79474
2021-07-24,YT,1310
2021-07-24,npts-ptso,408029
2021-07-25,AB,78453
2021-07-25,BC,164730
2021-07-25,MB,141547
2021-07-25,NB,92951
2021-07-25,NL,135457
2021-07-25,NT,3522
2021-07-25,NS,151988
2021-07-25,NU,1077
2021-07-25,ON,1590249
2021-07-25,PE,21557
2021-07-25,QC,722459
2021-07-25,SK,79250
2021-07-25,YT,1309
2021-07-25,npts-ptso,408362
2021-07-26,AB,78959
2021-07-26,BC,164003
2021-07-26,MB,141416
2021-07-26,NB,92252
2021-07-26,NL,136469
2021-07-26,NT,3531
2021-07-26,NS,152325
2021-07-26,NU,1048
2021-07-26,ON,1626147
2021-07-26,PE,21514
2021-07-26,QC,721818
2021-07-26,SK,79316
2021-07-26,YT,1330
2021-07-26,npts-ptso,407518
2021-07-27,AB,79547
2021-07-27,BC,163501
2021-07-27,MB,141491
2021-07-27,NB,92614
2021-07-27,NL,141295
2021-07-27,NT,3530
2021-07-27,NS,149198
2021-07-27,NU,1053
2021-07-27,ON,1600381
2021-07-27,PE,21505
2021-07-27,QC,719614
2021-07-27,SK,78535
2021-07-27,YT,1317
2021-07-27,npts-ptso,411561
2021-07-28,AB,78283
2021-07-28,BC,162909
2021-07-28,MB,138658
2021-07-28,NB,92504
2021-07-28,NL,136380
2021-07-28,NT,3490
2021-07-28,NS,153024
2021-07-28,NU,1049
2021-07-28,ON,1590907
2021-07-28,PE,21516
2021-07-28,QC,718136
2021-07-28,SK,78804
2021-07-28,YT,1313
2021-07-28,npts-ptso,410641
2021-07-29,AB,78515
2021-07-29,BC,162928
2021-07-29,MB,143997
2021-07-29,NB,92118
2021-07-29,NL,141573
2021-07-29,NT,3510
2021-07-29,NS,150761
2021-07-29,NU,1029
2021-07-29,ON,1582426
2021-07-29,PE,21520
2021-07-29,QC,716706
2021-07-29,SK,78759
2021-07-29,YT,1323
2021-07-29,npts-ptso,412510
2021-07-30,AB,78046
2021-07-30,BC,162301
2021-07-30,MB,140736
2021-07-30,NB,92381
2021-07-30,NL,134257
2021-07-30,NT,3467
2021-07-30,NS,149809
2021-07-30,NU,1061
2021-07-30,ON,1583242
2021-07-30,PE,21133
2021-07-30,QC,709471
2021-07-30,SK,78611
2021-07-30,YT,1317
2021-07-30,npts-ptso,420823
2021-07-31,AB,77488
2021-07-31,BC,160027
2021-07-31,MB,139104
2021-07-31,NB,92387
2021-07-31,NL,136031
2021-07-31,NT,3475
2021-07-31,NS,147138
2021-07-31,NU,1050
2021-07-31,ON,1574671
2021-07-31,PE,21138
2021-07-31,QC,724043
2021-07-31,SK,77554
2021-07-31,YT,1300
2021-07-31,npts-ptso,408695
2021-08-01,AB,77229
2021-08-01,BC,161814
2021-08-01,MB,138375
2021-08-01,NB,91403
2021-08-01,NL,135196
2021-08-01,NT,3376
2021-08-01,NS,148944
2021-08-01,NU,1049
2021-08-01,ON,1576379
2021-08-01,PE,21085
2021-08-01,QC,711150
2021-08-01,SK,77374
2021-08-01,YT,1298
2021-08-01,npts-ptso,410564
2021-08-02,AB,76634
2021-08-02,BC,160365
2021-08-02,MB,143780
2021-08-02,NB,91649
2021-08-02,NL,136238
2021-08-02,NT,3431
2021-08-02,NS,149057
2021-08-02,NU,1052
2021-08-02,ON,1574964
2021-08-02,PE,21174
2021-08-02,QC,707677
2021-08-02,SK,78980
2021-08-02,YT,1356
2021-08-02,npts-ptso,411892
2021-08-03,AB,77519
2021-08-03,BC,162807
2021-08-03,MB,139698
2021-08-03,NB,91788
2021-08-03,NL,136641
2021-08-03,NT,3575
2021-08-03,NS,148961
2021-08-03,NU,1037
2021-08-03,ON,1590893
2021-08-03,PE,21125
2021-08-03,QC,703707
2021-08-03,SK,78236
2021-08-03,YT,1331
2021-08-03,npts-ptso,417540
2021-08-04,AB,77246
2021-08-04,BC,160712
2021-08-04,MB,139909
2021-08-04,NB,90565
2021-08-04,NL,134767
2021-08-04,NT,3483
2021-08-04,NS,148989
2021-08-04,NU,1027
2021-08-04,ON,1582973
2021-08-04,PE,21225
2021-08-04,QC,706285
2021-08-04,SK,79585
2021-08-04,YT,1338
2021-08-04,npts-ptso,419433
2021-08-05,AB,76910
2021-08-05,BC,160811
2021-08-05,MB,144170
2021-08-05,NB,90208
2021-08-05,NL,132776
2021-08-05,NT,3455
2021-08-05,NS,149745
2021-08-05,NU,1054
2021-08-05,ON,1579191
2021-08-05,PE,21109
2021-08-05,QC,706943
2021-08-05,SK,77655
2021-08-05,YT,1323
2021-08-05,npts-ptso,421455
2021-08-06,AB,75819
2021-08-06,BC,158582
2021-08-06,MB,140633
2021-08-06,NB,91124
2021-08-06,NL,132959
2021-08-06,NT,3434
2021-08-06,NS,148471
2021-08-06,NU,1065
2021-08-06,ON,1565735
2021-08-06,PE,21081
2021-08-06,QC,701201
2021-08-06,SK,77880
2021-08-06,YT,1320
2021-08-06,npts-ptso,427492
2021-08-07,AB,58498
2021-08-07,BC,120569
2021-08-07,MB,112768
2021-08-07,NB,78121
2021-08-07,NL,113360
2021-08-07,NT,2868
2021-08-07,NS,128703
2021-08-07,NU,928
2021-08-07,ON,1320129
2021-08-07,PE,17511
2021-08-07,QC,586759
2021-08-07,SK,61364
2021-08-07,YT,1048
2021-08-07,npts-ptso,378261
2021-08-08,AB,61210
2021-08-08,BC,127180
2021-08-08,MB,117844
2021-08-08,NB,77521
2021-08-08,NL,111509
2021-08-08,NT,2960
2021-08-08,NS,127122
2021-08-08,NU,936
2021-08-08,ON,1358729
2021-08-08,PE,17444
2021-08-08,QC,587069
2021-08-08,SK,64026
2021-08-08,YT,1062
2021-08-08,npts-ptso,378300
2021-08-09,AB,60698
2021-08-09,BC,127233
2021-08-09,MB,118548
2021-08-09,NB,78319
2021-08-09,NL,109112
2021-08-09,NT,2985
2021-08-09,NS,125426
2021-08-09,NU,907
2021-08-09,ON,1339192
2021-08-09,PE,17182
2021-08-09,QC,591321
2021-08-09,SK,63597
2021-08-09,YT,1097
2021-08-09,npts-ptso,346205
2021-08-10,AB,61932
2021-08-10,BC,128805
2021-08-10,MB,119926
2021-08-10,NB,77179
2021-08-10,NL,113386
2021-08-10,NT,2969
2021-08-10,NS,126904
2021-08-10,NU,930
2021-08-10,ON,1345619
2021-08-10,PE,17632
2021-08-10,QC,602003
2021-08-10,SK,64217
2021-08-10,YT,1084
2021-08-10,npts-ptso,342199
2021-08-11,AB,64654
2021-08-11,BC,134894
2021-08-11,MB,127595
2021-08-11,NB,81261
2021-08-11,NL,117925
2021-08-11,NT,3056
2021-08-11,NS,129788
2021-08-11,NU,940
2021-08-11,ON,1394325
2021-08-11,PE,18070
2021-08-11,QC,616001
2021-08-11,SK,66979
2021-08-11,YT,1136
2021-08-11,npts-ptso,370295
2021-08-12,AB,84306
2021-08-12,BC,178375
2021-08-12,MB,152955
2021-08-12,NB,96176
2021-08-12,NL,138600
2021-08-12,NT,3793
2021-08-12,NS,155024
2021-08-12,NU,1114
2021-08-12,ON,1662356
2021-08-12,PE,22285
2021-08-12,QC,742658
2021-08-12,SK,84678
2021-08-12,YT,1439
2021-08-12,npts-ptso,452287
2021-08-13,AB,76448
2021-08-13,BC,159197
2021-08-13,MB,143045
2021-08-13,NB,91755
2021-08-13,NL,132546
2021-08-13,NT,3506
2021-08-13,NS,146852
2021-08-13,NU,1075
2021-08-13,ON,1584120
2021-08-13,PE,21107
2021-08-13,QC,695574
2021-08-13,SK,76660
2021-08-13,YT,1299
2021-08-13,npts-ptso,427714
2021-08-14,AB,74493
2021-08-14,BC,155651
2021-08-14,MB,134553
2021-08-14,NB,88625
2021-08-14,NL,130149
2021-08-14,NT,3493
2021-08-14,NS,145715
2021-08-14,NU,1044
2021-08-14,ON,1545403
2021-08-14,PE,20682
2021-08-14,QC,683683
2021-08-14,SK,74826
2021-08-14,YT,1287
2021-08-14,npts-ptso,416458
2021-08-15,AB,74037
2021-08-15,BC,155223
2021-08-15,MB,134723
2021-08-15,NB,89599
2021-08-15,NL,130674
2021-08-15,NT,3422
2021-08-15,NS,146322
2021-08-15,NU,1067
2021-08-15,ON,1531047
2021-08-15,PE,20659
2021-08-15,QC,684150
2021-08-15,SK,75972
2021-08-15,YT,1257
2021-08-15,npts-ptso,417670
2021-08-16,AB,74411
2021-08-16,BC,155436
2021-08-16,MB,140429
2021-08-16,NB,89212
2021-08-16,NL,129865
2021-08-16,NT,3507
2021-08-16,NS,147478
2021-08-16,NU,1070
2021-08-16,ON,1554407
2021-08-16,PE,20676
2021-08-16,QC,684533
2021-08-16,SK,75338
2021-08-16,YT,1284
2021-08-16,npts-ptso,425494
2021-08-17,AB,74318
2021-08-17,BC,155427
2021-08-17,MB,135252
2021-08-17,NB,88834
2021-08-17,NL,129805
2021-08-17,NT,3463
2021-08-17,NS,149262
2021-08-17,NU,1060
2021-08-17,ON,1546948
2021-08-17,PE,20679
2021-08-17,QC,689776
2021-08-17,SK,75387
2021-08-17,YT,1326
2021-08-17,npts-ptso,423636
2021-08-18,AB,73985
2021-08-18,BC,155078
2021-08-18,MB,135128
2021-08-18,NB,89822
2021-08-18,NL,129549
2021-08-18,NT,3958
2021-08-18,NS,145750
2021-08-18,NU,1069
2021-08-18,ON,1552125
2021-08-18,PE,20957
2021-08-18,QC,694850
2021-08-18,SK,75304
2021-08-18,YT,1284
2021-08-18,npts-ptso,425560
2021-08-19,AB,73806
2021-08-19,BC,154765
2021-08-19,MB,134728
2021-08-19,NB,89851
2021-08-19,NL,129850
2021-08-19,NT,4005
2021-08-19,NS,145767
2021-08-19,NU,1064
2021-08-19,ON,1546588
2021-08-19,PE,20953
2021-08-19,QC,681874
2021-08-19,SK,75194
2021-08-19,YT,1299
2021-08-19,npts-ptso,425999
2021-08-20,AB,70513
2021-08-20,BC,148288
2021-08-20,MB,127696
2021-08-20,NB,84610
2021-08-20,NL,121886
2021-08-20,NT,3771
2021-08-20,NS,135719
2021-08-20,NU,995
2021-08-20,ON,1442326
2021-08-20,PE,19420
2021-08-20,QC,782047
2021-08-20,SK,86652
2021-08-20,YT,1207
2021-08-20,npts-ptso,416488
2021-08-21,AB,70172
2021-08-21,BC,147688
2021-08-21,MB,135520
2021-08-21,NB,90897
2021-08-21,NL,122407
2021-08-21,NT,3744
2021-08-21,NS,134108
2021-08-21,NU,995
2021-08-21,ON,1438601
2021-08-21,PE,19371
2021-08-21,QC,659999
2021-08-21,SK,152743
2021-08-21,YT,1210
2021-08-21,npts-ptso,419548
2021-08-22,AB,70328
2021-08-22,BC,147892
2021-08-22,MB,129678
2021-08-22,NB,86702
2021-08-22,NL,122412
2021-08-22,NT,3766
2021-08-22,NS,134069
2021-08-22,NU,997
2021-08-22,ON,1439339
2021-08-22,PE,19425
2021-08-22,QC,689078
2021-08-22,SK,113659
2021-08-22,YT,1229
2021-08-22,npts-ptso,417136
2021-08-23,AB,76241
2021-08-23,BC,148305
2021-08-23,MB,126808
2021-08-23,NB,88880
2021-08-23,NL,122139
2021-08-23,NT,3812
2021-08-23,NS,135916
2021-08-23,NU,990
2021-08-23,ON,1454463
2021-08-23,PE,19415
2021-08-23,QC,1017980
2021-08-23,SK,83360
2021-08-23,YT,1217
2021-08-23,npts-ptso,419698
2021-08-24,AB,77130
2021-08-24,BC,148105
2021-08-24,MB,123905
2021-08-24,NB,86576
2021-08-24,NL,124023
2021-08-24,NT,3848
2021-08-24,NS,135126
2021-08-24,NU,995
2021-08-24,ON,1443194
2021-08-24,PE,19417
2021-08-24,QC,770496
2021-08-24,SK,76759
2021-08-24,YT,1256
2021-08-24,npts-ptso,421648
2021-08-25,AB,70401
2021-08-25,BC,148136
2021-08-25,MB,128488
2021-08-25,NB,84327
2021-08-25,NL,122788
2021-08-25,NT,3832
2021-08-25,NS,134591
2021-08-25,NU,1027
2021-08-25,ON,1475535
2021-08-25,PE,19335
2021-08-25,QC,647869
2021-08-25,SK,119730
2021-08-25,YT,1239
2021-08-25,npts-ptso,422914
2021-08-26,AB,70114
2021-08-26,BC,147688
2021-08-26,MB,124496
2021-08-26,NB,88302
2021-08-26,NL,120865
2021-08-26,NT,3387
2021-08-26,NS,134495
2021-08-26,NU,1017
2021-08-26,ON,1444440
2021-08-26,PE,19340
2021-08-26,QC,643290
2021-08-26,SK,76867
2021-08-26,YT,1212
2021-08-26,npts-ptso,420437
2021-08-27,AB,70242
2021-08-27,BC,147806
2021-08-27,MB,127793
2021-08-27,NB,86145
2021-08-27,NL,123640
2021-08-27,NT,3852
2021-08-27,NS,132520
2021-08-27,NU,1034
2021-08-27,ON,1479885
2021-08-27,PE,19937
2021-08-27,QC,641856
2021-08-27,SK,71866
2021-08-27,YT,1216
2021-08-27,npts-ptso,425838
2021-08-28,AB,70835
2021-08-28,BC,147079
2021-08-28,MB,140836
2021-08-28,NB,84058
2021-08-28,NL,120521
2021-08-28,NT,3879
2021-08-28,NS,135555
2021-08-28,NU,1019
2021-08-28,ON,1448654
2021-08-28,PE,19364
2021-08-28,QC,646539
2021-08-28,SK,71625
2021-08-28,YT,1203
2021-08-28,npts-ptso,430445
2021-08-29,AB,69195
2021-08-29,BC,147200
2021-08-29,MB,125354
2021-08-29,NB,85474
2021-08-29,NL,123063
2021-08-29,NT,3842
2021-08-29,NS,134979
2021-08-29,NU,1031
2021-08-29,ON,1442330
2021-08-29,PE,19332
2021-08-29,QC,639439
2021-08-29,SK,71025
2021-08-29,YT,1235
2021-08-29,npts-ptso,429756
2021-08-30,AB,70551
2021-08-30,BC,147811
2021-08-30,MB,125618
2021-08-30,NB,85579
2021-08-30,NL,123076
2021-08-30,NT,3867
2021-08-30,NS,135956
2021-08-30,NU,1051
2021-08-30,ON,1455455
2021-08-30,PE,19265
2021-08-30,QC,638811
2021-08-30,SK,71230
2021-08-30,YT,1240
2021-08-30,npts-ptso,432602
2021-08-31,AB,69970
2021-08-31,BC,147530
2021-08-31,MB,145234
2021-08-31,NB,85987
2021-08-31,NL,121573
2021-08-31,NT,3870
2021-08-31,NS,134720
2021-08-31,NU,1036
2021-08-31,ON,1464473
2021-08-31,PE,19210
2021-08-31,QC,638053
2021-08-31,SK,71120
2021-08-31,YT,1215
2021-08-31,npts-ptso,441787
2021-09-01,AB,69540
2021-09-01,BC,147456
2021-09-01,MB,125675
2021-09-01,NB,86600
2021-09-01,NL,121222
2021-09-01,NT,3857
2021-09-01,NS,134953
2021-09-01,NU,1030
2021-09-01,ON,1441825
2021-09-01,PE,19301
2021-09-01,QC,630501
2021-09-01,SK,71196
2021-09-01,YT,1221
2021-09-01,npts-ptso,434754
2021-09-02,AB,70165
2021-09-02,BC,146878
2021-09-02,MB,132185
2021-09-02,NB,85885
2021-09-02,NL,122237
2021-09-02,NT,3889
2021-09-02,NS,134501
2021-09-02,NU,1021
2021-09-02,ON,1437247
2021-09-02,PE,19302
2021-09-02,QC,650704
2021-09-02,SK,71074
2021-09-02,YT,1214
2021-09-02,npts-ptso,439565
2021-09-03,AB,69373
2021-09-03,BC,147305
2021-09-03,MB,124296
2021-09-03,NB,85606
2021-09-03,NL,122177
2021-09-03,NT,3859
2021-09-03,NS,134365
2021-09-03,NU,1017
2021-09-03,ON,1447623
2021-09-03,PE,19299
2021-09-03,QC,632668
2021-09-03,SK,71020
2021-09-03,YT,1228
2021-09-03,npts-ptso,435020
2021-09-04,AB,68746
2021-09-04,BC,146553
2021-09-04,MB,137277
2021-09-04,NB,85500
2021-09-04,NL,119995
2021-09-04,NT,3850
2021-09-04,NS,135199
2021-09-04,NU,1025
2021-09-04,ON,1452560
2021-09-04,PE,19294
2021-09-04,QC,624490
2021-09-04,SK,70166
2021-09-04,YT,1175
2021-09-04,npts-ptso,450345
2021-09-05,AB,68229
2021-09-05,BC,146468
2021-09-05,MB,131072
2021-09-05,NB,86190
2021-09-05,NL,121051
2021-09-05,NT,3808
2021-09-05,NS,134005
2021-09-05,NU,1017
2021-09-05,ON,1441457
2021-09-05,PE,19114
2021-09-05,QC,631866
2021-09-05,SK,70555
2021-09-05,YT,1185
2021-09-05,npts-ptso,425843
2021-09-06,AB,68114
2021-09-06,BC,146663
2021-09-06,MB,129256
2021-09-06,NB,84286
2021-09-06,NL,120637
2021-09-06,NT,3897
2021-09-06,NS,134306
2021-09-06,NU,1043
2021-09-06,ON,1429626
2021-09-06,PE,19169
2021-09-06,QC,629253
2021-09-06,SK,71330
2021-09-06,YT,1200
2021-09-06,npts-ptso,462798
2021-09-07,AB,68369
2021-09-07,BC,147068
2021-09-07,MB,123594
2021-09-07,NB,85312
2021-09-07,NL,122565
2021-09-07,NT,3951
2021-09-07,NS,131803
2021-09-07,NU,1063
2021-09-07,ON,1437841
2021-09-07,PE,19159
2021-09-07,QC,634019
2021-09-07,SK,69313
2021-09-07,YT,1235
2021-09-07,npts-ptso,438230
2021-09-08,AB,68179
2021-09-08,BC,149030
2021-09-08,MB,126895
2021-09-08,NB,86415
2021-09-08,NL,123497
2021-09-08,NT,3874
2021-09-08,NS,132954
2021-09-08,NU,1026
2021-09-08,ON,1420801
2021-09-08,PE,19195
2021-09-08,QC,631235
2021-09-08,SK,72864
2021-09-08,YT,1225
2021-09-08,npts-ptso,453441
2021-09-09,AB,68349
2021-09-09,BC,147625
2021-09-09,MB,125000
2021-09-09,NB,85944
2021-09-09,NL,119578
2021-09-09,NT,3948
2021-09-09,NS,132569
2021-09-09,NU,1030
2021-09-09,ON,1446743
2021-09-09,PE,19072
2021-09-09,QC,626842
2021-09-09,SK,72317
2021-09-09,YT,1213
2021-09-09,npts-ptso,438150
2021-09-10,AB,68186
2021-09-10,BC,146990
2021-09-10,MB,122492
2021-09-10,NB,83868
2021-09-10,NL,122101
2021-09-10,NT,3932
2021-09-10,NS,132053
2021-09-10,NU,1021
2021-09-10,ON,1429469
2021-09-10,PE,19199
2021-09-10,QC,633215
2021-09-10,SK,70735
2021-09-10,YT,1205
2021-09-10,npts-ptso,447311
2021-09-11,AB,68100
2021-09-11,BC,145968
2021-09-11,MB,123911
2021-09-11,NB,85867
2021-09-11,NL,126878
2021-09-11,NT,3872
2021-09-11,NS,133360
2021-09-11,NU,1016
2021-09-11,ON,1435780
2021-09-11,PE,19103
2021-09-11,QC,625821
2021-09-11,SK,70517
2021-09-11,YT,1170
2021-09-11,npts-ptso,438498
2021-09-12,AB,67796
2021-09-12,BC,145919
2021-09-12,MB,129567
2021-09-12,NB,83292
2021-09-12,NL,123867
2021-09-12,NT,3931
2021-09-12,NS,132995
2021-09-12,NU,1029
2021-09-12,ON,1428286
2021-09-12,PE,19118
2021-09-12,QC,633718
2021-09-12,SK,70596
2021-09-12,YT,1195
2021-09-12,npts-ptso,438601
2021-09-13,AB,68165
2021-09-13,BC,146617
2021-09-13,MB,125503
2021-09-13,NB,81677
2021-09-13,NL,122237
2021-09-13,NT,3912
2021-09-13,NS,134784
2021-09-13,NU,1023
2021-09-13,ON,1421636
2021-09-13,PE,19181
2021-09-13,QC,635076
2021-09-13,SK,70688
2021-09-13,YT,1210
2021-09-13,npts-ptso,441376
2021-09-14,AB,67648
2021-09-14,BC,146363
2021-09-14,MB,123709
2021-09-14,NB,82017
2021-09-14,NL,123475
2021-09-14,NT,3892
2021-09-14,NS,132122
2021-09-14,NU,1033
2021-09-14,ON,1426540
2021-09-14,PE,19175
2021-09-14,QC,631659
2021-09-14,SK,70722
2021-09-14,YT,1193
2021-09-14,npts-ptso,438083
2021-09-15,AB,67869
2021-09-15,BC,146763
2021-09-15,MB,122261
2021-09-15,NB,81460
2021-09-15,NL,124138
2021-09-15,NT,3919
2021-09-15,NS,135381
2021-09-15,NU,1041
2021-09-15,ON,1421394
2021-09-15,PE,19173
2021-09-15,QC,627456
2021-09-15,SK,70562
2021-09-15,YT,1211
2021-09-15,npts-ptso,440166
2021-09-16,AB,67928
2021-09-16,BC,146591
2021-09-16,MB,122029
2021-09-16,NB,81732
2021-09-16,NL,123975
2021-09-16,NT,3902
2021-09-16,NS,132442
2021-09-16,NU,1029
2021-09-16,ON,1408630
2021-09-16,PE,19207
2021-09-16,QC,632338
2021-09-16,SK,71072
2021-09-16,YT,1196
2021-09-16,npts-ptso,440148
2021-09-17,AB,67975
2021-09-17,BC,146411
2021-09-17,MB,121940
2021-09-17,NB,82275
2021-09-17,NL,123465
2021-09-17,NT,3895
2021-09-17,NS,132686
2021-09-17,NU,1022
2021-09-17,ON,1417529
2021-09-17,PE,19255
2021-09-17,QC,629037
2021-09-17,SK,71200
2021-09-17,YT,1209
2021-09-17,npts-ptso,442769
2021-09-18,AB,67502
2021-09-18,BC,145841
2021-09-18,MB,121123
2021-09-18,NB,81745
2021-09-18,NL,120769
2021-09-18,NT,3912
2021-09-18,NS,132044
2021-09-18,NU,1036
2021-09-18,ON,1415714
2021-09-18,PE,19258
2021-09-18,QC,628345
2021-09-18,SK,70210
2021-09-18,YT,1187
2021-09-18,npts-ptso,440285
2021-09-19,AB,68435
2021-09-19,BC,145689
2021-09-19,MB,121698
2021-09-19,NB,80613
2021-09-19,NL,124203
2021-09-19,NT,3957
2021-09-19,NS,132647
2021-09-19,NU,1039
2021-09-19,ON,1414728
2021-09-19,PE,19314
2021-09-19,QC,628034
2021-09-19,SK,70360
2021-09-19,YT,1161
2021-09-19,npts-ptso,439531
2021-09-20,AB,69530
2021-09-20,BC,146008
2021-09-20,MB,115449
2021-09-20,NB,82716
2021-09-20,NL,125628
2021-09-20,NT,3896
2021-09-20,NS,131512
2021-09-20,NU,1047
2021-09-20,ON,1429482
2021-09-20,PE,19471
2021-09-20,QC,625765
2021-09-20,SK,72431
2021-09-20,YT,1183
2021-09-20,npts-ptso,444583
2021-09-21,AB,68187
2021-09-21,BC,135899
2021-09-21,MB,122867
2021-09-21,NB,77136
2021-09-21,NL,135646
2021-09-21,NT,3704
2021-09-21,NS,192495
2021-09-21,NU,943
2021-09-21,ON,1416611
2021-09-21,PE,18560
2021-09-21,QC,602111
2021-09-21,SK,69438
2021-09-21,YT,1101
2021-09-21,npts-ptso,456350
2021-09-22,AB,72914
2021-09-22,BC,157478
2021-09-22,MB,655370
2021-09-22,NB,103979
2021-09-22,NL,275860
2021-09-22,NT,8211
2021-09-22,NS,581230
2021-09-22,NU,1085
2021-09-22,ON,4554837
2021-09-22,PE,19688
2021-09-22,QC,1513663
2021-09-22,SK,140074
2021-09-22,YT,1227
2021-09-22,npts-ptso,1171937
2021-09-23,AB,73254
2021-09-23,BC,150992
2021-09-23,MB,939023
2021-09-23,NB,110612
2021-09-23,NL,267566
2021-09-23,NT,5775
2021-09-23,NS,353843
2021-09-23,NU,1104
2021-09-23,ON,4712514
2021-09-23,PE,21060
2021-09-23,QC,1717797
2021-09-23,SK,242723
2021-09-23,YT,1254
2021-09-23,npts-ptso,1333813
2021-09-24,AB,77562
2021-09-24,BC,150002
2021-09-24,MB,938994
2021-09-24,NB,103278
2021-09-24,NL,322580
2021-09-24,NT,6938
2021-09-24,NS,551165
2021-09-24,NU,1123
2021-09-24,ON,4516867
2021-09-24,PE,20960
2021-09-24,QC,1621880
2021-09-24,SK,261926
2021-09-24,YT,1286
2021-09-24,npts-ptso,1023671
2021-09-25,AB,78922
2021-09-25,BC,147843
2021-09-25,MB,832568
2021-09-25,NB,111851
2021-09-25,NL,233787
2021-09-25,NT,5669
2021-09-25,NS,567886
2021-09-25,NU,1093
2021-09-25,ON,4288528
2021-09-25,PE,20739
2021-09-25,QC,1741883
2021-09-25,SK,109078
2021-09-25,YT,1225
2021-09-25,npts-ptso,1139806
2021-09-26,AB,83190
2021-09-26,BC,148445
2021-09-26,MB,882594
2021-09-26,NB,139699
2021-09-26,NL,271044
2021-09-26,NT,4871
2021-09-26,NS,502627
2021-09-26,NU,1098
2021-09-26,ON,4141014
2021-09-26,PE,21296
2021-09-26,QC,1484436
2021-09-26,SK,178868
2021-09-26,YT,1237
2021-09-26,npts-ptso,910805
2021-09-27,AB,80470
2021-09-27,BC,149619
2021-09-27,MB,782898
2021-09-27,NB,137713
2021-09-27,NL,321701
2021-09-27,NT,4902
2021-09-27,NS,525131
2021-09-27,NU,1104
2021-09-27,ON,4529099
2021-09-27,PE,19928
2021-09-27,QC,2013132
2021-09-27,SK,214818
2021-09-27,YT,1243
2021-09-27,npts-ptso,802120
2021-09-28,AB,81008
2021-09-28,BC,158433
2021-09-28,MB,909709
2021-09-28,NB,117997
2021-09-28,NL,355462
2021-09-28,NT,5269
2021-09-28,NS,255605
2021-09-28,NU,1104
2021-09-28,ON,4632351
2021-09-28,PE,22086
2021-09-28,QC,2101054
2021-09-28,SK,191624
2021-09-28,YT,1272
2021-09-28,npts-ptso,838056
2021-09-29,AB,81287
2021-09-29,BC,179471
2021-09-29,MB,777306
2021-09-29,NB,123724
2021-09-29,NL,313780
2021-09-29,NT,6787
2021-09-29,NS,486485
2021-09-29,NU,1118
2021-09-29,ON,4233754
2021-09-29,PE,20971
2021-09-29,QC,1959265
2021-09-29,SK,141597
2021-09-29,YT,1249
2021-09-29,npts-ptso,696566
2021-09-30,AB,78323
2021-09-30,BC,178889
2021-09-30,MB,605598
2021-09-30,NB,124847
2021-09-30,NL,222912
2021-09-30,NT,6745
2021-09-30,NS,535302
2021-09-30,NU,1117
2021-09-30,ON,3669361
2021-09-30,PE,20660
2021-09-30,QC,1793211
2021-09-30,SK,169347
2021-09-30,YT,1277
2021-09-30,npts-ptso,988992
2021-10-01,AB,76202
2021-10-01,BC,178191
2021-10-01,MB,942720
2021-10-01,NB,122461
2021-10-01,NL,263025
2021-10-01,NT,6282
2021-10-01,NS,416730
2021-10-01,NU,1131
2021-10-01,ON,3578946
2021-10-01,PE,21013
2021-10-01,QC,1843518
2021-10-01,SK,102758
2021-10-01,YT,1252
2021-10-01,npts-ptso,994342
2021-10-02,AB,77057
2021-10-02,BC,231156
2021-10-02,MB,979733
2021-10-02,NB,134127
2021-10-02,NL,305088
2021-10-02,NT,4762
2021-10-02,NS,373649
2021-10-02,NU,1094
2021-10-02,ON,3898263
2021-10-02,PE,20724
2021-10-02,QC,1612554
2021-10-02,SK,119272
2021-10-02,YT,1239
2021-10-02,npts-ptso,1080891
2021-10-03,AB,76421
2021-10-03,BC,161951
2021-10-03,MB,963451
2021-10-03,NB,127459
2021-10-03,NL,271825
2021-10-03,NT,5423
2021-10-03,NS,418733
2021-10-03,NU,1071
2021-10-03,ON,3968124
2021-10-03,PE,20472
2021-10-03,QC,1849908
2021-10-03,SK,213607
2021-10-03,YT,1226
2021-10-03,npts-ptso,937939
2021-10-04,AB,73904
2021-10-04,BC,166307
2021-10-04,MB,897154
2021-10-04,NB,111410
2021-10-04,NL,253203
2021-10-04,NT,6157
2021-10-04,NS,358480
2021-10-04,NU,1084
2021-10-04,ON,3575403
2021-10-04,PE,20100
2021-10-04,QC,1739616
2021-10-04,SK,149953
2021-10-04,YT,1228
2021-10-04,npts-ptso,796846
2021-10-05,AB,70617
2021-10-05,BC,167407
2021-10-05,MB,721038
2021-10-05,NB,138996
2021-10-05,NL,261091
2021-10-05,NT,5737
2021-10-05,NS,331918
2021-10-05,NU,1110
2021-10-05,ON,3759240
2021-10-05,PE,20281
2021-10-05,QC,1715968
2021-10-05,SK,150530
2021-10-05,YT,1271
2021-10-05,npts-ptso,831539
2021-10-06,AB,71262
2021-10-06,BC,172800
2021-10-06,MB,803434
2021-10-06,NB,115206
2021-10-06,NL,260430
2021-10-06,NT,3683
2021-10-06,NS,285677
2021-10-06,NU,1117
2021-10-06,ON,3380652
2021-10-06,PE,20331
2021-10-06,QC,1606549
2021-10-06,SK,214556
2021-10-06,YT,1247
2021-10-06,npts-ptso,767967
2021-10-07,AB,71081
2021-10-07,BC,197331
2021-10-07,MB,850578
2021-10-07,NB,114046
2021-10-07,NL,273958
2021-10-07,NT,5699
2021-10-07,NS,479205
2021-10-07,NU,1085
2021-10-07,ON,3524660
2021-10-07,PE,20029
2021-10-07,QC,1606018
2021-10-07,SK,129381
2021-10-07,YT,1226
2021-10-07,npts-ptso,743017
2021-10-08,AB,70968
2021-10-08,BC,150917
2021-10-08,MB,660125
2021-10-08,NB,109539
2021-10-08,NL,215135
2021-10-08,NT,6329
2021-10-08,NS,457114
2021-10-08,NU,1143
2021-10-08,ON,3273944
2021-10-08,PE,20219
2021-10-08,QC,1547311
2021-10-08,SK,166593
2021-10-08,YT,1249
2021-10-08,npts-ptso,759642
2021-10-09,AB,70532
2021-10-09,BC,150199
2021-10-09,MB,615386
2021-10-09,NB,113188
2021-10-09,NL,226592
2021-10-09,NT,4932
2021-10-09,NS,312194
2021-10-09,NU,1104
2021-10-09,ON,3037086
2021-10-09,PE,20363
2021-10-09,QC,1528171
2021-10-09,SK,192039
2021-10-09,YT,1230
2021-10-09,npts-ptso,682395
2021-10-10,AB,69532
2021-10-10,BC,170739
2021-10-10,MB,549444
2021-10-10,NB,105933
2021-10-10,NL,256944
2021-10-10,NT,5309
2021-10-10,NS,380219
2021-10-10,NU,1115
2021-10-10,ON,3218802
2021-10-10,PE,20409
2021-10-10,QC,1290747
2021-10-10,SK,192513
2021-10-10,YT,1211
2021-10-10,npts-ptso,729058
2021-10-11,AB,69571
2021-10-11,BC,154678
2021-10-11,MB,598626
2021-10-11,NB,103324
2021-10-11,NL,277703
2021-10-11,NT,6489
2021-10-11,NS,345335
2021-10-11,NU,1117
2021-10-11,ON,3316131
2021-10-11,PE,21080
2021-10-11,QC,1484849
2021-10-11,SK,134987
2021-10-11,YT,1199
2021-10-11,npts-ptso,811509
2021-10-12,AB,70243
2021-10-12,BC,157697
2021-10-12,MB,318765
2021-10-12,NB,109754
2021-10-12,NL,233887
2021-10-12,NT,6485
2021-10-12,NS,324911
2021-10-12,NU,1113
2021-10-12,ON,2956417
2021-10-12,PE,21703
2021-10-12,QC,1360361
2021-10-12,SK,100075
2021-10-12,YT,1235
2021-10-12,npts-ptso,790446
2021-10-13,AB,69925
2021-10-13,BC,195858
2021-10-13,MB,596975
2021-10-13,NB,107884
2021-10-13,NL,360108
2021-10-13,NT,5477
2021-10-13,NS,310679
2021-10-13,NU,1095
2021-10-13,ON,2836920
2021-10-13,PE,20266
2021-10-13,QC,1363420
2021-10-13,SK,133784
2021-10-13,YT,1211
2021-10-13,npts-ptso,773030
2021-10-14,AB,70123
2021-10-14,BC,182058
2021-10-14,MB,548021
2021-10-14,NB,102243
2021-10-14,NL,358592
2021-10-14,NT,6023
2021-10-14,NS,295937
2021-10-14,NU,1083
2021-10-14,ON,2916570
2021-10-14,PE,20726
2021-10-14,QC,1461191
2021-10-14,SK,126861
2021-10-14,YT,1227
2021-10-14,npts-ptso,721046
2021-10-15,AB,69440
2021-10-15,BC,197072
2021-10-15,MB,480883
2021-10-15,NB,106347
2021-10-15,NL,363148
2021-10-15,NT,4840
2021-10-15,NS,314994
2021-10-15,NU,1105
2021-10-15,ON,2905128
2021-10-15,PE,20515
2021-10-15,QC,1286212
2021-10-15,SK,257974
2021-10-15,YT,1247
2021-10-15,npts-ptso,635188
2021-10-16,AB,68531
2021-10-16,BC,142544
2021-10-16,MB,424264
2021-10-16,NB,107444
2021-10-16,NL,364426
2021-10-16,NT,5959
2021-10-16,NS,291111
2021-10-16,NU,1098
2021-10-16,ON,2718340
2021-10-16,PE,20290
2021-10-16,QC,1046021
2021-10-16,SK,210501
2021-10-16,YT,1236
2021-10-16,npts-ptso,654158
2021-10-17,AB,68052
2021-10-17,BC,142672
2021-10-17,MB,415747
2021-10-17,NB,99006
2021-10-17,NL,294375
2021-10-17,NT,4200
2021-10-17,NS,364102
2021-10-17,NU,1096
2021-10-17,ON,2323206
2021-10-17,PE,19231
2021-10-17,QC,1106580
2021-10-17,SK,183195
2021-10-17,YT,1219
2021-10-17,npts-ptso,663247
2021-10-18,AB,68375
2021-10-18,BC,150158
2021-10-18,MB,182435
2021-10-18,NB,106769
2021-10-18,NL,316048
2021-10-18,NT,5883
2021-10-18,NS,285686
2021-10-18,NU,1111
2021-10-18,ON,2577320
2021-10-18,PE,20496
2021-10-18,QC,1249205
2021-10-18,SK,145511
2021-10-18,YT,1245
2021-10-18,npts-ptso,687440
2021-10-19,AB,68615
2021-10-19,BC,142076
2021-10-19,MB,372130
2021-10-19,NB,106719
2021-10-19,NL,303327
2021-10-19,NT,5291
2021-10-19,NS,248428
2021-10-19,NU,1132
2021-10-19,ON,2521707
2021-10-19,PE,20468
2021-10-19,QC,1213411
2021-10-19,SK,122479
2021-10-19,YT,1241
2021-10-19,npts-ptso,697939
2021-10-20,AB,67978
2021-10-20,BC,154050
2021-10-20,MB,368913
2021-10-20,NB,104631
2021-10-20,NL,334345
2021-10-20,NT,5221
2021-10-20,NS,208154
2021-10-20,NU,1106
2021-10-20,ON,2318467
2021-10-20,PE,19852
2021-10-20,QC,1278591
2021-10-20,SK,129391
2021-10-20,YT,1230
2021-10-20,npts-ptso,636471
2021-10-21,AB,67808
2021-10-21,BC,178830
2021-10-21,MB,363902
2021-10-21,NB,98910
2021-10-21,NL,347568
2021-10-21,NT,4922
2021-10-21,NS,258051
2021-10-21,NU,1092
2021-10-21,ON,2332631
2021-10-21,PE,20226
2021-10-21,QC,1251020
2021-10-21,SK,113988
2021-10-21,YT,1221
2021-10-21,npts-ptso,626691
2021-10-22,AB,67254
2021-10-22,BC,164597
2021-10-22,MB,339900
2021-10-22,NB,101971
2021-10-22,NL,298664
2021-10-22,NT,5409
2021-10-22,NS,212985
2021-10-22,NU,1114
2021-10-22,ON,2354906
2021-10-22,PE,20072
2021-10-22,QC,1203082
2021-10-22,SK,94165
2021-10-22,YT,1234
2021-10-22,npts-ptso,670357
2021-10-23,AB,67999
2021-10-23,BC,172353
2021-10-23,MB,281294
2021-10-23,NB,96966
2021-10-23,NL,228926
2021-10-23,NT,4643
2021-10-23,NS,201620
2021-10-23,NU,1109
2021-10-23,ON,2220071
2021-10-23,PE,20183
2021-10-23,QC,1170447
2021-10-23,SK,106170
2021-10-23,YT,1226
2021-10-23,npts-ptso,578971
2021-10-24,AB,65909
2021-10-24,BC,150977
2021-10-24,MB,273858
2021-10-24,NB,95668
2021-10-24,NL,166162
2021-10-24,NT,4589
2021-10-24,NS,199287
2021-10-24,NU,1079
2021-10-24,ON,2177924
2021-10-24,PE,18951
2021-10-24,QC,1079807
2021-10-24,SK,117590
2021-10-24,YT,1218
2021-10-24,npts-ptso,552269
2021-10-25,AB,66906
2021-10-25,BC,180642
2021-10-25,MB,317213
2021-10-25,NB,97679
2021-10-25,NL,237968
2021-10-25,NT,5524
2021-10-25,NS,191775
2021-10-25,NU,1076
2021-10-25,ON,2296841
2021-10-25,PE,19275
2021-10-25,QC,949950
2021-10-25,SK,168570
2021-10-25,YT,1235
2021-10-25,npts-ptso,530922
2021-10-26,AB,67239
2021-10-26,BC,146342
2021-10-26,MB,257841
2021-10-26,NB,97870
2021-10-26,NL,246638
2021-10-26,NT,4762
2021-10-26,NS,179785
2021-10-26,NU,1081
2021-10-26,ON,2386377
2021-10-26,PE,19385
2021-10-26,QC,990448
2021-10-26,SK,107089
2021-10-26,YT,1233
2021-10-26,npts-ptso,593017
2021-10-27,AB,67348
2021-10-27,BC,156333
2021-10-27,MB,275582
2021-10-27,NB,90123
2021-10-27,NL,219451
2021-10-27,NT,5370
2021-10-27,NS,183540
2021-10-27,NU,1098
2021-10-27,ON,2274098
2021-10-27,PE,18844
2021-10-27,QC,924182
2021-10-27,SK,146967
2021-10-27,YT,1222
2021-10-27,npts-ptso,570779
2021-10-28,AB,65348
2021-10-28,BC,155109
2021-10-28,MB,239506
2021-10-28,NB,94930
2021-10-28,NL,212252
2021-10-28,NT,4925
2021-10-28,NS,174304
2021-10-28,NU,1097
2021-10-28,ON,2047031
2021-10-28,PE,19350
2021-10-28,QC,970207
2021-10-28,SK,108231
2021-10-28,YT,1221
2021-10-28,npts-ptso,543368
2021-10-29,AB,65478
2021-10-29,BC,154337
2021-10-29,MB,201330
2021-10-29,NB,92984
2021-10-29,NL,196322
2021-10-29,NT,4478
2021-10-29,NS,165658
2021-10-29,NU,1074
2021-10-29,ON,1921929
2021-10-29,PE,19024
2021-10-29,QC,939382
2021-10-29,SK,95295
2021-10-29,YT,1237
2021-10-29,npts-ptso,559559
2021-10-30,AB,65309
2021-10-30,BC,164235
2021-10-30,MB,190975
2021-10-30,NB,93351
2021-10-30,NL,185546
2021-10-30,NT,5054
2021-10-30,NS,163341
2021-10-30,NU,1099
2021-10-30,ON,1824948
2021-10-30,PE,19458
2021-10-30,QC,922468
2021-10-30,SK,93242
2021-10-30,YT,1240
2021-10-30,npts-ptso,515576
2021-10-31,AB,64707
2021-10-31,BC,152932
2021-10-31,MB,171842
2021-10-31,NB,91980
2021-10-31,NL,160474
2021-10-31,NT,4197
2021-10-31,NS,151522
2021-10-31,NU,1117
2021-10-31,ON,1730764
2021-10-31,PE,19021
2021-10-31,QC,836528
2021-10-31,SK,105643
2021-10-31,YT,1196
2021-10-31,npts-ptso,579724
2021-11-01,AB,65446
2021-11-01,BC,142309
2021-11-01,MB,146755
2021-11-01,NB,95400
2021-11-01,NL,184110
2021-11-01,NT,4852
2021-11-01,NS,160408
2021-11-01,NU,1079
2021-11-01,ON,1730737
2021-11-01,PE,19977
2021-11-01,QC,842374
2021-11-01,SK,111171
2021-11-01,YT,1234
2021-11-01,npts-ptso,603407
2021-11-02,AB,63821
2021-11-02,BC,140599
2021-11-02,MB,121479
2021-11-02,NB,92777
2021-11-02,NL,151511
2021-11-02,NT,5308
2021-11-02,NS,160235
2021-11-02,NU,1079
2021-11-02,ON,1653874
2021-11-02,PE,19111
2021-11-02,QC,776241
2021-11-02,SK,86699
2021-11-02,YT,1248
2021-11-02,npts-ptso,565188
2021-11-03,AB,66839
2021-11-03,BC,140524
2021-11-03,MB,115935
2021-11-03,NB,94383
2021-11-03,NL,148820
2021-11-03,NT,5127
2021-11-03,NS,163211
2021-11-03,NU,1094
2021-11-03,ON,1556004
2021-11-03,PE,19992
2021-11-03,QC,744316
2021-11-03,SK,82474
2021-11-03,YT,1232
2021-11-03,npts-ptso,564446
2021-11-04,AB,66346
2021-11-04,BC,147918
2021-11-04,MB,114525
2021-11-04,NB,95439
2021-11-04,NL,158475
2021-11-04,NT,4520
2021-11-04,NS,152471
2021-11-04,NU,1100
2021-11-04,ON,1560235
2021-11-04,PE,19895
2021-11-04,QC,769883
2021-11-04,SK,79451
2021-11-04,YT,1213
2021-11-04,npts-ptso,578603
2021-11-05,AB,65906
2021-11-05,BC,141611
2021-11-05,MB,114503
2021-11-05,NB,93300
2021-11-05,NL,159152
2021-11-05,NT,4308
2021-11-05,NS,156806
2021-11-05,NU,1110
2021-11-05,ON,1551884
2021-11-05,PE,19588
2021-11-05,QC,725784
2021-11-05,SK,80967
2021-11-05,YT,1204
2021-11-05,npts-ptso,568912
2021-11-06,AB,65718
2021-11-06,BC,146899
2021-11-06,MB,113546
2021-11-06,NB,93082
2021-11-06,NL,139975
2021-11-06,NT,4479
2021-11-06,NS,148249
2021-11-06,NU,1086
2021-11-06,ON,1541336
2021-11-06,PE,19805
2021-11-06,QC,684446
2021-11-06,SK,79720
2021-11-06,YT,1233
2021-11-06,npts-ptso,564795
2021-11-07,AB,65108
2021-11-07,BC,149570
2021-11-07,MB,114633
2021-11-07,NB,93423
2021-11-07,NL,140344
2021-11-07,NT,4810
2021-11-07,NS,149777
2021-11-07,NU,1099
2021-11-07,ON,1508529
2021-11-07,PE,19723
2021-11-07,QC,689915
2021-11-07,SK,80357
2021-11-07,YT,1219
2021-11-07,npts-ptso,537345
2021-11-08,AB,65105
2021-11-08,BC,145005
2021-11-08,MB,113161
2021-11-08,NB,91736
2021-11-08,NL,138174
2021-11-08,NT,4239
2021-11-08,NS,147021
2021-11-08,NU,1085
2021-11-08,ON,1562587
2021-11-08,PE,19717
2021-11-08,QC,718990
2021-11-08,SK,76331
2021-11-08,YT,1223
2021-11-08,npts-ptso,533298
2021-11-09,AB,64994
2021-11-09,BC,145614
2021-11-09,MB,114145
2021-11-09,NB,92595
2021-11-09,NL,136348
2021-11-09,NT,4381
2021-11-09,NS,148607
2021-11-09,NU,1091
2021-11-09,ON,1546825
2021-11-09,PE,19788
2021-11-09,QC,683186
2021-11-09,SK,72568
2021-11-09,YT,1219
2021-11-09,npts-ptso,569772
2021-11-10,AB,64741
2021-11-10,BC,140366
2021-11-10,MB,113675
2021-11-10,NB,89516
2021-11-10,NL,139862
2021-11-10,NT,4650
2021-11-10,NS,141678
2021-11-10,NU,1108
2021-11-10,ON,1510194
2021-11-10,PE,19706
2021-11-10,QC,698202
2021-11-10,SK,78396
2021-11-10,YT,1229
2021-11-10,npts-ptso,520987
2021-11-11,AB,64798
2021-11-11,BC,140504
2021-11-11,MB,113403
2021-11-11,NB,90971
2021-11-11,NL,132799
2021-11-11,NT,4471
2021-11-11,NS,145737
2021-11-11,NU,1089
2021-11-11,ON,1510263
2021-11-11,PE,19679
2021-11-11,QC,675052
2021-11-11,SK,77037
2021-11-11,YT,1211
2021-11-11,npts-ptso,523325
2021-11-12,AB,64712
2021-11-12,BC,140371
2021-11-12,MB,115055
2021-11-12,NB,89912
2021-11-12,NL,189452
2021-11-12,NT,4591
2021-11-12,NS,141358
2021-11-12,NU,1094
2021-11-12,ON,1471963
2021-11-12,PE,19642
2021-11-12,QC,707335
2021-11-12,SK,73634
2021-11-12,YT,1211
2021-11-12,npts-ptso,492757
2021-11-13,AB,64500
2021-11-13,BC,140466
2021-11-13,MB,115521
2021-11-13,NB,88599
2021-11-13,NL,269464
2021-11-13,NT,4067
2021-11-13,NS,137632
2021-11-13,NU,1100
2021-11-13,ON,1479803
2021-11-13,PE,19674
2021-11-13,QC,689074
2021-11-13,SK,71257
2021-11-13,YT,1204
2021-11-13,npts-ptso,497271
2021-11-14,AB,64439
2021-11-14,BC,139382
2021-11-14,MB,114949
2021-11-14,NB,87568
2021-11-14,NL,234133
2021-11-14,NT,4175
2021-11-14,NS,137757
2021-11-14,NU,1082
2021-11-14,ON,1435441
2021-11-14,PE,19560
2021-11-14,QC,647108
2021-11-14,SK,70905
2021-11-14,YT,1224
2021-11-14,npts-ptso,493265
2021-11-15,AB,64171
2021-11-15,BC,139048
2021-11-15,MB,113059
2021-11-15,NB,86785
2021-11-15,NL,210213
2021-11-15,NT,4252
2021-11-15,NS,138975
2021-11-15,NU,1093
2021-11-15,ON,1432958
2021-11-15,PE,19635
2021-11-15,QC,677844
2021-11-15,SK,70011
2021-11-15,YT,1211
2021-11-15,npts-ptso,523708
2021-11-16,AB,63953
2021-11-16,BC,142759
2021-11-16,MB,111789
2021-11-16,NB,87036
2021-11-16,NL,195663
2021-11-16,NT,4479
2021-11-16,NS,139110
2021-11-16,NU,1079
2021-11-16,ON,1485820
2021-11-16,PE,19681
2021-11-16,QC,676701
2021-11-16,SK,68037
2021-11-16,YT,1218
2021-11-16,npts-ptso,590850
2021-11-17,AB,63987
2021-11-17,BC,137427
2021-11-17,MB,112751
2021-11-17,NB,86076
2021-11-17,NL,160951
2021-11-17,NT,4315
2021-11-17,NS,136713
2021-11-17,NU,1091
2021-11-17,ON,1402689
2021-11-17,PE,19862
2021-11-17,QC,641094
2021-11-17,SK,67246
2021-11-17,YT,1215
2021-11-17,npts-ptso,569526
2021-11-18,AB,63859
2021-11-18,BC,138271
2021-11-18,MB,111917
2021-11-18,NB,86921
2021-11-18,NL,125929
2021-11-18,NT,4264
2021-11-18,NS,135845
2021-11-18,NU,1097
2021-11-18,ON,1467161
2021-11-18,PE,19858
2021-11-18,QC,670379
2021-11-18,SK,69598
2021-11-18,YT,1233
2021-11-18,npts-ptso,551814
2021-11-19,AB,63558
2021-11-19,BC,137709
2021-11-19,MB,112066
2021-11-19,NB,84422
2021-11-19,NL,122558
2021-11-19,NT,4474
2021-11-19,NS,136027
2021-11-19,NU,1092
2021-11-19,ON,1486067
2021-11-19,PE,19954
2021-11-19,QC,632145
2021-11-19,SK,68112
2021-11-19,YT,1218
2021-11-19,npts-ptso,561980
2021-11-20,AB,63325
2021-11-20,BC,135534
2021-11-20,MB,110850
2021-11-20,NB,82296
2021-11-20,NL,133892
2021-11-20,NT,4330
2021-11-20,NS,133166
2021-11-20,NU,1087
2021-11-20,ON,1529572
2021-11-20,PE,19806
2021-11-20,QC,627392
2021-11-20,SK,67891
2021-11-20,YT,1189
2021-11-20,npts-ptso,552620
2021-11-21,AB,63068
2021-11-21,BC,139552
2021-11-21,MB,110966
2021-11-21,NB,83416
2021-11-21,NL,129671
2021-11-21,NT,4013
2021-11-21,NS,127169
2021-11-21,NU,1095
2021-11-21,ON,1470108
2021-11-21,PE,19896
2021-11-21,QC,615297
2021-11-21,SK,66876
2021-11-21,YT,1198
2021-11-21,npts-ptso,538630
2021-11-22,AB,89617
2021-11-22,BC,135433
2021-11-22,MB,111527
2021-11-22,NB,82852
2021-11-22,NL,138219
2021-11-22,NT,4112
2021-11-22,NS,130144
2021-11-22,NU,1090
2021-11-22,ON,1450733
2021-11-22,PE,19797
2021-11-22,QC,638874
2021-11-22,SK,67831
2021-11-22,YT,1195
2021-11-22,npts-ptso,582542
2021-11-23,AB,97061
2021-11-23,BC,137975
2021-11-23,MB,111000
2021-11-23,NB,83641
2021-11-23,NL,128957
2021-11-23,NT,3795
2021-11-23,NS,131861
2021-11-23,NU,1090
2021-11-23,ON,1503614
2021-11-23,PE,19671
2021-11-23,QC,613664
2021-11-23,SK,67426
2021-11-23,YT,1195
2021-11-23,npts-ptso,559795
2021-11-24,AB,98709
2021-11-24,BC,139085
2021-11-24,MB,110569
2021-11-24,NB,83394
2021-11-24,NL,125758
2021-11-24,NT,3976
2021-11-24,NS,130327
2021-11-24,NU,1085
2021-11-24,ON,1502395
2021-11-24,PE,19876
2021-11-24,QC,601439
2021-11-24,SK,66990
2021-11-24,YT,1191
2021-11-24,npts-ptso,525439
2021-11-25,AB,104770
2021-11-25,BC,135452
2021-11-25,MB,110649
2021-11-25,NB,82583
2021-11-25,NL,122997
2021-11-25,NT,3961
2021-11-25,NS,130921
2021-11-25,NU,1066
2021-11-25,ON,1532243
2021-11-25,PE,19716
2021-11-25,QC,590276
2021-11-25,SK,66170
2021-11-25,YT,1199
2021-11-25,npts-ptso,509886
2021-11-26,AB,89976
2021-11-26,BC,135186
2021-11-26,MB,110116
2021-11-26,NB,81915
2021-11-26,NL,125308
2021-11-26,NT,3892
2021-11-26,NS,122765
2021-11-26,NU,1078
2021-11-26,ON,1446920
2021-11-26,PE,19604
2021-11-26,QC,581658
2021-11-26,SK,65420
2021-11-26,YT,1172
2021-11-26,npts-ptso,513648
2021-11-27,AB,91059
2021-11-27,BC,134581
2021-11-27,MB,109597
2021-11-27,NB,80898
2021-11-27,NL,117240
2021-11-27,NT,3854
2021-11-27,NS,125334
2021-11-27,NU,1112
2021-11-27,ON,1415640
2021-11-27,PE,19613
2021-11-27,QC,601351
2021-11-27,SK,65433
2021-11-27,YT,1197
2021-11-27,npts-ptso,507310
2021-11-28,AB,88611
2021-11-28,BC,133744
2021-11-28,MB,108489
2021-11-28,NB,81163
2021-11-28,NL,119420
2021-11-28,NT,3926
2021-11-28,NS,123650
2021-11-28,NU,1058
2021-11-28,ON,1389957
2021-11-28,PE,19363
2021-11-28,QC,578713
2021-11-28,SK,64656
2021-11-28,YT,1165
2021-11-28,npts-ptso,500257
2021-11-29,AB,79085
2021-11-29,BC,133916
2021-11-29,MB,113247
2021-11-29,NB,80306
2021-11-29,NL,118026
2021-11-29,NT,3828
2021-11-29,NS,125367
2021-11-29,NU,1067
2021-11-29,ON,1401769
2021-11-29,PE,19544
2021-11-29,QC,578546
2021-11-29,SK,64398
2021-11-29,YT,1206
2021-11-29,npts-ptso,503345
2021-11-30,AB,86737
2021-11-30,BC,133770
2021-11-30,MB,147090
2021-11-30,NB,79741
2021-11-30,NL,118461
2021-11-30,NT,3680
2021-11-30,NS,120336
2021-11-30,NU,1085
2021-11-30,ON,1357104
2021-11-30,PE,19526
2021-11-30,QC,565900
2021-11-30,SK,64281
2021-11-30,YT,1196
2021-11-30,npts-ptso,503996
2021-12-01,AB,64983
2021-12-01,BC,133639
2021-12-01,MB,126985
2021-12-01,NB,79255
2021-12-01,NL,118416
2021-12-01,NT,3678
2021-12-01,NS,118436
2021-12-01,NU,1070
2021-12-01,ON,1339189
2021-12-01,PE,19473
2021-12-01,QC,555896
2021-12-01,SK,64304
2021-12-01,YT,1210
2021-12-01,npts-ptso,508926
2021-12-02,AB,65320
2021-12-02,BC,134036
2021-12-02,MB,125386
2021-12-02,NB,79557
2021-12-02,NL,118392
2021-12-02,NT,3626
2021-12-02,NS,118361
2021-12-02,NU,1059
2021-12-02,ON,1333710
2021-12-02,PE,19475
2021-12-02,QC,551009
2021-12-02,SK,64070
2021-12-02,YT,1207
2021-12-02,npts-ptso,527850
2021-12-03,AB,62643
2021-12-03,BC,132845
2021-12-03,MB,111790
2021-12-03,NB,79475
2021-12-03,NL,115194
2021-12-03,NT,3620
2021-12-03,NS,116492
2021-12-03,NU,1036
2021-12-03,ON,1306541
2021-12-03,PE,19488
2021-12-03,QC,544580
2021-12-03,SK,63501
2021-12-03,YT,1221
2021-12-03,npts-ptso,515898
