date,number_of_checks,appos,appversion,count
2021-02-25,1-6,android,1.2.0,772
2021-02-25,1-6,android,1.2.1,1345
2021-02-25,1-6,android,1.2.2,2629
2021-02-25,1-6,android,1.2.3,972
2021-02-25,1-6,android,1.2.4,314
2021-02-25,1-6,android,1.2.5,45
2021-02-25,1-6,android,1.2.6,104
2021-02-25,1-6,android,1.2.7,135
2021-02-25,1-6,android,1.2.8,32
2021-02-25,1-6,ios,1.2.0,417
2021-02-25,1-6,ios,1.2.1,42
2021-02-25,1-6,ios,1.2.2,64
2021-02-25,1-6,ios,1.2.3,62
2021-02-25,1-6,ios,1.2.4,36
2021-02-25,1-6,ios,1.2.6,<20
2021-02-25,1-6,ios,1.2.7,<20
2021-02-25,1-6,ios,1.2.8,<20
2021-02-25,13-30,android,1.2.0,<20
2021-02-25,13-30,android,1.2.1,<20
2021-02-25,13-30,android,1.2.2,<20
2021-02-25,13-30,android,1.2.3,<20
2021-02-25,13-30,android,1.2.4,<20
2021-02-25,13-30,android,1.2.7,<20
2021-02-25,13-30,ios,1.2.0,<20
2021-02-25,7-12,android,1.2.0,97
2021-02-25,7-12,android,1.2.1,124
2021-02-25,7-12,android,1.2.2,204
2021-02-25,7-12,android,1.2.3,97
2021-02-25,7-12,android,1.2.4,29
2021-02-25,7-12,android,1.2.5,<20
2021-02-25,7-12,android,1.2.6,<20
2021-02-25,7-12,android,1.2.7,<20
2021-02-25,7-12,android,1.2.8,<20
2021-02-25,7-12,ios,1.2.0,103
2021-02-25,7-12,ios,1.2.1,<20
2021-02-25,7-12,ios,1.2.2,29
2021-02-25,7-12,ios,1.2.3,27
2021-02-25,7-12,ios,1.2.4,<20
2021-02-25,7-12,ios,1.2.6,<20
2021-02-25,7-12,ios,1.2.7,<20
2021-02-25,7-12,ios,1.2.8,<20
2021-02-26,1-6,android,1.2.0,861
2021-02-26,1-6,android,1.2.1,1646
2021-02-26,1-6,android,1.2.2,2915
2021-02-26,1-6,android,1.2.3,1036
2021-02-26,1-6,android,1.2.4,347
2021-02-26,1-6,android,1.2.5,61
2021-02-26,1-6,android,1.2.6,105
2021-02-26,1-6,android,1.2.7,154
2021-02-26,1-6,android,1.2.8,22
2021-02-26,1-6,ios,1.2.0,525
2021-02-26,1-6,ios,1.2.1,53
2021-02-26,1-6,ios,1.2.2,88
2021-02-26,1-6,ios,1.2.3,80
2021-02-26,1-6,ios,1.2.4,43
2021-02-26,1-6,ios,1.2.6,<20
2021-02-26,1-6,ios,1.2.7,22
2021-02-26,1-6,ios,1.2.8,<20
2021-02-26,13-30,android,1.2.0,<20
2021-02-26,13-30,android,1.2.1,<20
2021-02-26,13-30,android,1.2.2,<20
2021-02-26,13-30,android,1.2.3,<20
2021-02-26,13-30,android,1.2.4,<20
2021-02-26,13-30,android,1.2.6,<20
2021-02-26,7-12,android,1.2.0,111
2021-02-26,7-12,android,1.2.1,138
2021-02-26,7-12,android,1.2.2,238
2021-02-26,7-12,android,1.2.3,69
2021-02-26,7-12,android,1.2.4,33
2021-02-26,7-12,android,1.2.5,<20
2021-02-26,7-12,android,1.2.6,<20
2021-02-26,7-12,android,1.2.7,<20
2021-02-26,7-12,android,1.2.8,<20
2021-02-26,7-12,ios,1.2.0,134
2021-02-26,7-12,ios,1.2.1,29
2021-02-26,7-12,ios,1.2.2,45
2021-02-26,7-12,ios,1.2.3,47
2021-02-26,7-12,ios,1.2.4,<20
2021-02-26,7-12,ios,1.2.6,<20
2021-02-26,7-12,ios,1.2.7,<20
2021-02-26,7-12,ios,1.2.8,<20
2021-02-27,1-6,android,1.2.0,566
2021-02-27,1-6,android,1.2.1,1551
2021-02-27,1-6,android,1.2.2,2160
2021-02-27,1-6,android,1.2.3,789
2021-02-27,1-6,android,1.2.4,217
2021-02-27,1-6,android,1.2.5,32
2021-02-27,1-6,android,1.2.6,57
2021-02-27,1-6,android,1.2.7,85
2021-02-27,1-6,android,1.2.8,<20
2021-02-27,1-6,ios,1.2.0,437
2021-02-27,1-6,ios,1.2.1,128
2021-02-27,1-6,ios,1.2.2,95
2021-02-27,1-6,ios,1.2.3,84
2021-02-27,1-6,ios,1.2.4,43
2021-02-27,1-6,ios,1.2.6,<20
2021-02-27,1-6,ios,1.2.7,30
2021-02-27,1-6,ios,1.2.8,<20
2021-02-27,13-30,android,1.2.0,<20
2021-02-27,13-30,android,1.2.1,<20
2021-02-27,13-30,android,1.2.2,<20
2021-02-27,13-30,android,1.2.3,<20
2021-02-27,13-30,android,1.2.6,<20
2021-02-27,13-30,ios,1.2.0,<20
2021-02-27,7-12,android,1.2.0,62
2021-02-27,7-12,android,1.2.1,124
2021-02-27,7-12,android,1.2.2,138
2021-02-27,7-12,android,1.2.3,51
2021-02-27,7-12,android,1.2.4,<20
2021-02-27,7-12,android,1.2.5,<20
2021-02-27,7-12,android,1.2.6,<20
2021-02-27,7-12,android,1.2.7,<20
2021-02-27,7-12,android,1.2.8,<20
2021-02-27,7-12,ios,1.2.0,111
2021-02-27,7-12,ios,1.2.1,34
2021-02-27,7-12,ios,1.2.2,36
2021-02-27,7-12,ios,1.2.3,30
2021-02-27,7-12,ios,1.2.4,<20
2021-02-27,7-12,ios,1.2.6,<20
2021-02-27,7-12,ios,1.2.7,<20
2021-02-27,7-12,ios,1.2.8,<20
2021-02-28,1-6,android,1.2.0,439
2021-02-28,1-6,android,1.2.1,1255
2021-02-28,1-6,android,1.2.2,1283
2021-02-28,1-6,android,1.2.3,436
2021-02-28,1-6,android,1.2.4,122
2021-02-28,1-6,android,1.2.5,<20
2021-02-28,1-6,android,1.2.6,27
2021-02-28,1-6,android,1.2.7,51
2021-02-28,1-6,android,1.2.8,<20
2021-02-28,1-6,ios,1.2.0,452
2021-02-28,1-6,ios,1.2.1,277
2021-02-28,1-6,ios,1.2.2,107
2021-02-28,1-6,ios,1.2.3,58
2021-02-28,1-6,ios,1.2.4,29
2021-02-28,1-6,ios,1.2.6,<20
2021-02-28,1-6,ios,1.2.7,<20
2021-02-28,1-6,ios,1.2.8,<20
2021-02-28,13-30,android,1.2.0,<20
2021-02-28,13-30,android,1.2.1,<20
2021-02-28,13-30,android,1.2.2,<20
2021-02-28,13-30,android,1.2.3,<20
2021-02-28,30+,android,1.2.0,<20
2021-02-28,7-12,android,1.2.0,33
2021-02-28,7-12,android,1.2.1,72
2021-02-28,7-12,android,1.2.2,64
2021-02-28,7-12,android,1.2.3,38
2021-02-28,7-12,android,1.2.4,<20
2021-02-28,7-12,android,1.2.5,<20
2021-02-28,7-12,android,1.2.6,<20
2021-02-28,7-12,android,1.2.7,<20
2021-02-28,7-12,ios,1.2.0,132
2021-02-28,7-12,ios,1.2.1,59
2021-02-28,7-12,ios,1.2.2,20
2021-02-28,7-12,ios,1.2.3,<20
2021-02-28,7-12,ios,1.2.4,<20
2021-02-28,7-12,ios,1.2.6,<20
2021-02-28,7-12,ios,1.2.7,<20
2021-02-28,7-12,ios,1.2.8,<20
2021-03-01,1-6,android,1.2.0,415
2021-03-01,1-6,android,1.2.1,1473
2021-03-01,1-6,android,1.2.2,1065
2021-03-01,1-6,android,1.2.3,413
2021-03-01,1-6,android,1.2.4,73
2021-03-01,1-6,android,1.2.5,<20
2021-03-01,1-6,android,1.2.6,21
2021-03-01,1-6,android,1.2.7,31
2021-03-01,1-6,android,1.2.8,<20
2021-03-01,1-6,ios,1.2.0,501
2021-03-01,1-6,ios,1.2.1,407
2021-03-01,1-6,ios,1.2.2,89
2021-03-01,1-6,ios,1.2.3,49
2021-03-01,1-6,ios,1.2.4,24
2021-03-01,1-6,ios,1.2.6,<20
2021-03-01,1-6,ios,1.2.7,<20
2021-03-01,1-6,ios,1.2.8,<20
2021-03-01,13-30,android,1.2.1,<20
2021-03-01,13-30,android,1.2.2,<20
2021-03-01,13-30,android,1.2.3,<20
2021-03-01,13-30,android,1.2.4,<20
2021-03-01,7-12,android,1.2.0,33
2021-03-01,7-12,android,1.2.1,64
2021-03-01,7-12,android,1.2.2,40
2021-03-01,7-12,android,1.2.3,<20
2021-03-01,7-12,android,1.2.4,<20
2021-03-01,7-12,android,1.2.5,<20
2021-03-01,7-12,android,1.2.6,<20
2021-03-01,7-12,android,1.2.7,<20
2021-03-01,7-12,android,1.2.8,<20
2021-03-01,7-12,ios,1.2.0,137
2021-03-01,7-12,ios,1.2.1,122
2021-03-01,7-12,ios,1.2.2,31
2021-03-01,7-12,ios,1.2.3,21
2021-03-01,7-12,ios,1.2.4,<20
2021-03-01,7-12,ios,1.2.6,<20
2021-03-01,7-12,ios,1.2.7,<20
2021-03-02,1-6,android,1.2.0,644
2021-03-02,1-6,android,1.2.1,2168
2021-03-02,1-6,android,1.2.2,1143
2021-03-02,1-6,android,1.2.3,359
2021-03-02,1-6,android,1.2.4,74
2021-03-02,1-6,android,1.2.5,<20
2021-03-02,1-6,android,1.2.6,<20
2021-03-02,1-6,android,1.2.7,33
2021-03-02,1-6,android,1.2.8,<20
2021-03-02,1-6,ios,1.2.0,651
2021-03-02,1-6,ios,1.2.1,709
2021-03-02,1-6,ios,1.2.2,97
2021-03-02,1-6,ios,1.2.3,50
2021-03-02,1-6,ios,1.2.4,26
2021-03-02,1-6,ios,1.2.6,<20
2021-03-02,1-6,ios,1.2.7,<20
2021-03-02,1-6,ios,1.2.8,<20
2021-03-02,13-30,android,1.2.0,<20
2021-03-02,13-30,android,1.2.1,<20
2021-03-02,13-30,android,1.2.2,<20
2021-03-02,13-30,android,1.2.4,<20
2021-03-02,7-12,android,1.2.0,43
2021-03-02,7-12,android,1.2.1,83
2021-03-02,7-12,android,1.2.2,44
2021-03-02,7-12,android,1.2.3,<20
2021-03-02,7-12,android,1.2.4,<20
2021-03-02,7-12,android,1.2.7,<20
2021-03-02,7-12,android,1.2.8,<20
2021-03-02,7-12,ios,1.2.0,157
2021-03-02,7-12,ios,1.2.1,219
2021-03-02,7-12,ios,1.2.2,54
2021-03-02,7-12,ios,1.2.3,35
2021-03-02,7-12,ios,1.2.4,<20
2021-03-02,7-12,ios,1.2.6,<20
2021-03-02,7-12,ios,1.2.7,<20
2021-03-02,7-12,ios,1.2.8,<20
2021-03-03,1-6,android,1.2.0,1685
2021-03-03,1-6,android,1.2.1,6266
2021-03-03,1-6,android,1.2.2,1519
2021-03-03,1-6,android,1.2.3,396
2021-03-03,1-6,android,1.2.4,58
2021-03-03,1-6,android,1.2.5,<20
2021-03-03,1-6,android,1.2.6,25
2021-03-03,1-6,android,1.2.7,25
2021-03-03,1-6,android,1.2.8,<20
2021-03-03,1-6,ios,1.2.0,3171
2021-03-03,1-6,ios,1.2.1,6641
2021-03-03,1-6,ios,1.2.2,132
2021-03-03,1-6,ios,1.2.3,46
2021-03-03,1-6,ios,1.2.4,25
2021-03-03,1-6,ios,1.2.6,<20
2021-03-03,1-6,ios,1.2.7,<20
2021-03-03,1-6,ios,1.2.8,<20
2021-03-03,13-30,android,1.2.0,<20
2021-03-03,13-30,android,1.2.1,<20
2021-03-03,13-30,android,1.2.2,<20
2021-03-03,13-30,ios,1.2.0,<20
2021-03-03,7-12,android,1.2.0,145
2021-03-03,7-12,android,1.2.1,184
2021-03-03,7-12,android,1.2.2,27
2021-03-03,7-12,android,1.2.3,<20
2021-03-03,7-12,android,1.2.4,<20
2021-03-03,7-12,android,1.2.6,<20
2021-03-03,7-12,android,1.2.7,<20
2021-03-03,7-12,ios,1.2.0,1048
2021-03-03,7-12,ios,1.2.1,2693
2021-03-03,7-12,ios,1.2.2,77
2021-03-03,7-12,ios,1.2.3,32
2021-03-03,7-12,ios,1.2.4,<20
2021-03-03,7-12,ios,1.2.6,<20
2021-03-03,7-12,ios,1.2.7,<20
2021-03-03,7-12,ios,1.2.8,<20
2021-03-04,1-6,android,1.2.0,6048
2021-03-04,1-6,android,1.2.1,43095
2021-03-04,1-6,android,1.2.2,2596
2021-03-04,1-6,android,1.2.3,428
2021-03-04,1-6,android,1.2.4,76
2021-03-04,1-6,android,1.2.5,<20
2021-03-04,1-6,android,1.2.6,25
2021-03-04,1-6,android,1.2.7,25
2021-03-04,1-6,android,1.2.8,<20
2021-03-04,1-6,ios,1.2.0,47161
2021-03-04,1-6,ios,1.2.1,660540
2021-03-04,1-6,ios,1.2.2,570
2021-03-04,1-6,ios,1.2.3,50
2021-03-04,1-6,ios,1.2.4,23
2021-03-04,1-6,ios,1.2.6,<20
2021-03-04,1-6,ios,1.2.7,<20
2021-03-04,1-6,ios,1.2.8,<20
2021-03-04,13-30,android,1.2.0,48
2021-03-04,13-30,android,1.2.1,34
2021-03-04,13-30,android,1.2.2,<20
2021-03-04,13-30,ios,1.2.0,<20
2021-03-04,13-30,ios,1.2.1,<20
2021-03-04,30+,ios,1.2.0,<20
2021-03-04,30+,ios,1.2.1,<20
2021-03-04,7-12,android,1.2.0,978
2021-03-04,7-12,android,1.2.1,1780
2021-03-04,7-12,android,1.2.2,59
2021-03-04,7-12,android,1.2.3,<20
2021-03-04,7-12,android,1.2.4,<20
2021-03-04,7-12,android,1.2.5,<20
2021-03-04,7-12,ios,1.2.0,15932
2021-03-04,7-12,ios,1.2.1,295988
2021-03-04,7-12,ios,1.2.2,211
2021-03-04,7-12,ios,1.2.3,46
2021-03-04,7-12,ios,1.2.4,<20
2021-03-04,7-12,ios,1.2.6,<20
2021-03-04,7-12,ios,1.2.7,<20
2021-03-04,7-12,ios,1.2.8,<20
2021-03-05,1-6,android,1.2.0,11765
2021-03-05,1-6,android,1.2.1,526606
2021-03-05,1-6,android,1.2.2,10249
2021-03-05,1-6,android,1.2.3,521
2021-03-05,1-6,android,1.2.4,101
2021-03-05,1-6,android,1.2.5,<20
2021-03-05,1-6,android,1.2.6,<20
2021-03-05,1-6,android,1.2.7,32
2021-03-05,1-6,android,1.2.8,<20
2021-03-05,1-6,ios,1.2.0,83818
2021-03-05,1-6,ios,1.2.1,1550429
2021-03-05,1-6,ios,1.2.2,24140
2021-03-05,1-6,ios,1.2.3,79
2021-03-05,1-6,ios,1.2.4,22
2021-03-05,1-6,ios,1.2.6,<20
2021-03-05,1-6,ios,1.2.7,<20
2021-03-05,1-6,ios,1.2.8,<20
2021-03-05,13-30,android,1.2.0,79
2021-03-05,13-30,android,1.2.1,52
2021-03-05,13-30,android,1.2.2,<20
2021-03-05,13-30,ios,1.2.0,<20
2021-03-05,13-30,ios,1.2.1,<20
2021-03-05,13-30,ios,1.2.2,<20
2021-03-05,30+,android,1.2.1,<20
2021-03-05,30+,ios,1.2.0,<20
2021-03-05,30+,ios,1.2.1,<20
2021-03-05,7-12,android,1.2.0,1757
2021-03-05,7-12,android,1.2.1,34863
2021-03-05,7-12,android,1.2.2,387
2021-03-05,7-12,android,1.2.3,<20
2021-03-05,7-12,android,1.2.4,<20
2021-03-05,7-12,ios,1.2.0,26631
2021-03-05,7-12,ios,1.2.1,640951
2021-03-05,7-12,ios,1.2.2,10801
2021-03-05,7-12,ios,1.2.3,48
2021-03-05,7-12,ios,1.2.4,22
2021-03-05,7-12,ios,1.2.6,<20
2021-03-05,7-12,ios,1.2.7,<20
2021-03-05,7-12,ios,1.2.8,<20
2021-03-06,1-6,android,1.2.0,10430
2021-03-06,1-6,android,1.2.1,435572
2021-03-06,1-6,android,1.2.2,101185
2021-03-06,1-6,android,1.2.3,637
2021-03-06,1-6,android,1.2.4,114
2021-03-06,1-6,android,1.2.5,22
2021-03-06,1-6,android,1.2.6,<20
2021-03-06,1-6,android,1.2.7,29
2021-03-06,1-6,android,1.2.8,<20
2021-03-06,1-6,ios,1.2.0,74400
2021-03-06,1-6,ios,1.2.1,1102302
2021-03-06,1-6,ios,1.2.2,476889
2021-03-06,1-6,ios,1.2.3,106
2021-03-06,1-6,ios,1.2.4,36
2021-03-06,1-6,ios,1.2.6,<20
2021-03-06,1-6,ios,1.2.7,23
2021-03-06,1-6,ios,1.2.8,<20
2021-03-06,13-30,android,1.2.0,59
2021-03-06,13-30,android,1.2.1,21
2021-03-06,13-30,android,1.2.2,<20
2021-03-06,13-30,ios,1.2.0,<20
2021-03-06,13-30,ios,1.2.1,<20
2021-03-06,13-30,ios,1.2.2,<20
2021-03-06,30+,android,1.2.0,<20
2021-03-06,30+,android,1.2.1,<20
2021-03-06,30+,ios,1.2.0,<20
2021-03-06,7-12,android,1.2.0,1534
2021-03-06,7-12,android,1.2.1,28640
2021-03-06,7-12,android,1.2.2,6337
2021-03-06,7-12,android,1.2.3,<20
2021-03-06,7-12,android,1.2.4,<20
2021-03-06,7-12,android,1.2.8,<20
2021-03-06,7-12,ios,1.2.0,24599
2021-03-06,7-12,ios,1.2.1,433535
2021-03-06,7-12,ios,1.2.2,220214
2021-03-06,7-12,ios,1.2.3,48
2021-03-06,7-12,ios,1.2.4,25
2021-03-06,7-12,ios,1.2.6,<20
2021-03-06,7-12,ios,1.2.7,<20
2021-03-06,7-12,ios,1.2.8,<20
2021-03-07,1-6,android,1.2.0,9400
2021-03-07,1-6,android,1.2.1,177319
2021-03-07,1-6,android,1.2.2,364514
2021-03-07,1-6,android,1.2.3,697
2021-03-07,1-6,android,1.2.4,99
2021-03-07,1-6,android,1.2.5,28
2021-03-07,1-6,android,1.2.6,21
2021-03-07,1-6,android,1.2.7,40
2021-03-07,1-6,android,1.2.8,<20
2021-03-07,1-6,ios,1.2.0,67879
2021-03-07,1-6,ios,1.2.1,416804
2021-03-07,1-6,ios,1.2.2,1178985
2021-03-07,1-6,ios,1.2.3,94
2021-03-07,1-6,ios,1.2.4,27
2021-03-07,1-6,ios,1.2.6,<20
2021-03-07,1-6,ios,1.2.7,<20
2021-03-07,1-6,ios,1.2.8,<20
2021-03-07,13-30,android,1.2.0,64
2021-03-07,13-30,android,1.2.1,<20
2021-03-07,13-30,android,1.2.2,32
2021-03-07,13-30,android,1.2.3,<20
2021-03-07,13-30,android,1.2.4,<20
2021-03-07,13-30,ios,1.2.0,<20
2021-03-07,13-30,ios,1.2.1,<20
2021-03-07,13-30,ios,1.2.2,<20
2021-03-07,30+,ios,1.2.0,<20
2021-03-07,30+,ios,1.2.2,<20
2021-03-07,7-12,android,1.2.0,1366
2021-03-07,7-12,android,1.2.1,7666
2021-03-07,7-12,android,1.2.2,27077
2021-03-07,7-12,android,1.2.3,<20
2021-03-07,7-12,android,1.2.5,<20
2021-03-07,7-12,ios,1.2.0,21906
2021-03-07,7-12,ios,1.2.1,142320
2021-03-07,7-12,ios,1.2.2,504105
2021-03-07,7-12,ios,1.2.3,37
2021-03-07,7-12,ios,1.2.4,<20
2021-03-07,7-12,ios,1.2.6,<20
2021-03-07,7-12,ios,1.2.7,<20
2021-03-07,7-12,ios,1.2.8,<20
2021-03-08,1-6,android,1.2.0,8952
2021-03-08,1-6,android,1.2.1,82262
2021-03-08,1-6,android,1.2.2,465916
2021-03-08,1-6,android,1.2.3,964
2021-03-08,1-6,android,1.2.4,111
2021-03-08,1-6,android,1.2.5,<20
2021-03-08,1-6,android,1.2.6,31
2021-03-08,1-6,android,1.2.7,34
2021-03-08,1-6,android,1.2.8,<20
2021-03-08,1-6,ios,1.2.0,64090
2021-03-08,1-6,ios,1.2.1,168192
2021-03-08,1-6,ios,1.2.2,1395749
2021-03-08,1-6,ios,1.2.3,94
2021-03-08,1-6,ios,1.2.4,21
2021-03-08,1-6,ios,1.2.6,<20
2021-03-08,1-6,ios,1.2.7,<20
2021-03-08,1-6,ios,1.2.8,<20
2021-03-08,13-30,android,1.2.0,49
2021-03-08,13-30,android,1.2.1,<20
2021-03-08,13-30,android,1.2.2,30
2021-03-08,13-30,ios,1.2.0,<20
2021-03-08,13-30,ios,1.2.2,36
2021-03-08,30+,android,1.2.0,<20
2021-03-08,30+,android,1.2.2,<20
2021-03-08,30+,ios,1.2.0,<20
2021-03-08,7-12,android,1.2.0,1314
2021-03-08,7-12,android,1.2.1,3158
2021-03-08,7-12,android,1.2.2,31271
2021-03-08,7-12,android,1.2.3,<20
2021-03-08,7-12,android,1.2.6,<20
2021-03-08,7-12,android,1.2.7,<20
2021-03-08,7-12,ios,1.2.0,18939
2021-03-08,7-12,ios,1.2.1,53241
2021-03-08,7-12,ios,1.2.2,637758
2021-03-08,7-12,ios,1.2.3,35
2021-03-08,7-12,ios,1.2.4,<20
2021-03-08,7-12,ios,1.2.6,<20
2021-03-08,7-12,ios,1.2.7,<20
2021-03-08,7-12,ios,1.2.8,<20
2021-03-09,1-6,android,1.2.0,8165
2021-03-09,1-6,android,1.2.1,37262
2021-03-09,1-6,android,1.2.2,513609
2021-03-09,1-6,android,1.2.3,1154
2021-03-09,1-6,android,1.2.4,130
2021-03-09,1-6,android,1.2.5,24
2021-03-09,1-6,android,1.2.6,48
2021-03-09,1-6,android,1.2.7,45
2021-03-09,1-6,android,1.2.8,<20
2021-03-09,1-6,ios,1.2.0,57850
2021-03-09,1-6,ios,1.2.1,108819
2021-03-09,1-6,ios,1.2.2,1432626
2021-03-09,1-6,ios,1.2.3,98
2021-03-09,1-6,ios,1.2.4,<20
2021-03-09,1-6,ios,1.2.6,<20
2021-03-09,1-6,ios,1.2.7,<20
2021-03-09,1-6,ios,1.2.8,<20
2021-03-09,13-30,android,1.2.0,57
2021-03-09,13-30,android,1.2.1,<20
2021-03-09,13-30,android,1.2.2,39
2021-03-09,13-30,ios,1.2.0,<20
2021-03-09,13-30,ios,1.2.2,48
2021-03-09,30+,android,1.2.2,<20
2021-03-09,30+,android,1.2.4,<20
2021-03-09,30+,ios,1.2.1,<20
2021-03-09,7-12,android,1.2.0,1266
2021-03-09,7-12,android,1.2.1,1721
2021-03-09,7-12,android,1.2.2,33053
2021-03-09,7-12,android,1.2.3,<20
2021-03-09,7-12,android,1.2.4,<20
2021-03-09,7-12,android,1.2.5,<20
2021-03-09,7-12,android,1.2.6,<20
2021-03-09,7-12,android,1.2.7,<20
2021-03-09,7-12,ios,1.2.0,18363
2021-03-09,7-12,ios,1.2.1,36042
2021-03-09,7-12,ios,1.2.2,686682
2021-03-09,7-12,ios,1.2.3,51
2021-03-09,7-12,ios,1.2.4,<20
2021-03-09,7-12,ios,1.2.6,<20
2021-03-09,7-12,ios,1.2.7,<20
2021-03-09,7-12,ios,1.2.8,<20
2021-03-10,1-6,android,1.2.0,7675
2021-03-10,1-6,android,1.2.1,17009
2021-03-10,1-6,android,1.2.2,538277
2021-03-10,1-6,android,1.2.3,1690
2021-03-10,1-6,android,1.2.4,208
2021-03-10,1-6,android,1.2.5,25
2021-03-10,1-6,android,1.2.6,68
2021-03-10,1-6,android,1.2.7,46
2021-03-10,1-6,android,1.2.8,<20
2021-03-10,1-6,ios,1.2.0,53521
2021-03-10,1-6,ios,1.2.1,85763
2021-03-10,1-6,ios,1.2.2,1470589
2021-03-10,1-6,ios,1.2.3,154
2021-03-10,1-6,ios,1.2.4,30
2021-03-10,1-6,ios,1.2.6,<20
2021-03-10,1-6,ios,1.2.7,<20
2021-03-10,1-6,ios,1.2.8,<20
2021-03-10,13-30,android,1.2.0,46
2021-03-10,13-30,android,1.2.1,<20
2021-03-10,13-30,android,1.2.2,29
2021-03-10,13-30,android,1.2.3,<20
2021-03-10,13-30,ios,1.2.0,<20
2021-03-10,13-30,ios,1.2.2,48
2021-03-10,30+,ios,1.2.0,<20
2021-03-10,30+,ios,1.2.2,<20
2021-03-10,7-12,android,1.2.0,1237
2021-03-10,7-12,android,1.2.1,889
2021-03-10,7-12,android,1.2.2,33561
2021-03-10,7-12,android,1.2.3,<20
2021-03-10,7-12,android,1.2.6,<20
2021-03-10,7-12,ios,1.2.0,17045
2021-03-10,7-12,ios,1.2.1,28261
2021-03-10,7-12,ios,1.2.2,686257
2021-03-10,7-12,ios,1.2.3,60
2021-03-10,7-12,ios,1.2.4,<20
2021-03-10,7-12,ios,1.2.6,<20
2021-03-10,7-12,ios,1.2.7,<20
2021-03-10,7-12,ios,1.2.8,<20
2021-03-11,1-6,android,1.2.0,7302
2021-03-11,1-6,android,1.2.1,11113
2021-03-11,1-6,android,1.2.2,545540
2021-03-11,1-6,android,1.2.3,2670
2021-03-11,1-6,android,1.2.4,170
2021-03-11,1-6,android,1.2.5,32
2021-03-11,1-6,android,1.2.6,61
2021-03-11,1-6,android,1.2.7,60
2021-03-11,1-6,android,1.2.8,<20
2021-03-11,1-6,ios,1.2.0,49895
2021-03-11,1-6,ios,1.2.1,66670
2021-03-11,1-6,ios,1.2.2,1496997
2021-03-11,1-6,ios,1.2.3,453
2021-03-11,1-6,ios,1.2.4,<20
2021-03-11,1-6,ios,1.2.6,<20
2021-03-11,1-6,ios,1.2.7,<20
2021-03-11,1-6,ios,1.2.8,<20
2021-03-11,13-30,android,1.2.0,40
2021-03-11,13-30,android,1.2.1,<20
2021-03-11,13-30,android,1.2.2,49
2021-03-11,13-30,android,1.2.3,<20
2021-03-11,13-30,ios,1.2.0,<20
2021-03-11,13-30,ios,1.2.2,32
2021-03-11,30+,android,1.2.2,<20
2021-03-11,30+,ios,1.2.2,<20
2021-03-11,7-12,android,1.2.0,1090
2021-03-11,7-12,android,1.2.1,659
2021-03-11,7-12,android,1.2.2,34081
2021-03-11,7-12,android,1.2.3,26
2021-03-11,7-12,android,1.2.4,<20
2021-03-11,7-12,android,1.2.6,<20
2021-03-11,7-12,android,1.2.7,<20
2021-03-11,7-12,ios,1.2.0,16056
2021-03-11,7-12,ios,1.2.1,22045
2021-03-11,7-12,ios,1.2.2,690713
2021-03-11,7-12,ios,1.2.3,181
2021-03-11,7-12,ios,1.2.4,<20
2021-03-11,7-12,ios,1.2.6,<20
2021-03-11,7-12,ios,1.2.7,<20
2021-03-11,7-12,ios,1.2.8,<20
2021-03-12,1-6,android,1.2.0,6997
2021-03-12,1-6,android,1.2.1,8858
2021-03-12,1-6,android,1.2.2,542268
2021-03-12,1-6,android,1.2.3,13747
2021-03-12,1-6,android,1.2.4,220
2021-03-12,1-6,android,1.2.5,21
2021-03-12,1-6,android,1.2.6,70
2021-03-12,1-6,android,1.2.7,68
2021-03-12,1-6,android,1.2.8,<20
2021-03-12,1-6,ios,1.2.0,46682
2021-03-12,1-6,ios,1.2.1,54962
2021-03-12,1-6,ios,1.2.2,1488098
2021-03-12,1-6,ios,1.2.3,23602
2021-03-12,1-6,ios,1.2.4,27
2021-03-12,1-6,ios,1.2.6,<20
2021-03-12,1-6,ios,1.2.7,<20
2021-03-12,1-6,ios,1.2.8,<20
2021-03-12,13-30,android,1.2.0,46
2021-03-12,13-30,android,1.2.1,<20
2021-03-12,13-30,android,1.2.2,21
2021-03-12,13-30,android,1.2.3,<20
2021-03-12,13-30,ios,1.2.0,<20
2021-03-12,13-30,ios,1.2.2,34
2021-03-12,13-30,ios,1.2.3,<20
2021-03-12,30+,android,1.2.0,<20
2021-03-12,30+,android,1.2.2,<20
2021-03-12,30+,ios,1.2.0,<20
2021-03-12,30+,ios,1.2.3,<20
2021-03-12,7-12,android,1.2.0,1039
2021-03-12,7-12,android,1.2.1,558
2021-03-12,7-12,android,1.2.2,34118
2021-03-12,7-12,android,1.2.3,434
2021-03-12,7-12,android,1.2.4,<20
2021-03-12,7-12,android,1.2.5,<20
2021-03-12,7-12,android,1.2.6,<20
2021-03-12,7-12,android,1.2.7,<20
2021-03-12,7-12,ios,1.2.0,15358
2021-03-12,7-12,ios,1.2.1,17986
2021-03-12,7-12,ios,1.2.2,684605
2021-03-12,7-12,ios,1.2.3,11961
2021-03-12,7-12,ios,1.2.4,<20
2021-03-12,7-12,ios,1.2.6,<20
2021-03-12,7-12,ios,1.2.7,<20
2021-03-12,7-12,ios,1.2.8,<20
2021-03-13,1-6,android,1.2.0,6389
2021-03-13,1-6,android,1.2.1,7307
2021-03-13,1-6,android,1.2.2,416962
2021-03-13,1-6,android,1.2.3,134978
2021-03-13,1-6,android,1.2.4,228
2021-03-13,1-6,android,1.2.5,35
2021-03-13,1-6,android,1.2.6,70
2021-03-13,1-6,android,1.2.7,69
2021-03-13,1-6,android,1.2.8,<20
2021-03-13,1-6,ios,1.2.0,43419
2021-03-13,1-6,ios,1.2.1,47153
2021-03-13,1-6,ios,1.2.2,1042587
2021-03-13,1-6,ios,1.2.3,477964
2021-03-13,1-6,ios,1.2.4,52
2021-03-13,1-6,ios,1.2.6,<20
2021-03-13,1-6,ios,1.2.7,<20
2021-03-13,1-6,ios,1.2.8,<20
2021-03-13,13-30,android,1.2.0,44
2021-03-13,13-30,android,1.2.1,<20
2021-03-13,13-30,android,1.2.2,<20
2021-03-13,13-30,android,1.2.3,<20
2021-03-13,13-30,ios,1.2.0,<20
2021-03-13,13-30,ios,1.2.1,<20
2021-03-13,13-30,ios,1.2.2,<20
2021-03-13,13-30,ios,1.2.3,<20
2021-03-13,30+,android,1.2.0,<20
2021-03-13,30+,ios,1.2.0,<20
2021-03-13,7-12,android,1.2.0,973
2021-03-13,7-12,android,1.2.1,474
2021-03-13,7-12,android,1.2.2,25480
2021-03-13,7-12,android,1.2.3,8522
2021-03-13,7-12,android,1.2.7,<20
2021-03-13,7-12,ios,1.2.0,15090
2021-03-13,7-12,ios,1.2.1,15667
2021-03-13,7-12,ios,1.2.2,444094
2021-03-13,7-12,ios,1.2.3,253587
2021-03-13,7-12,ios,1.2.4,26
2021-03-13,7-12,ios,1.2.6,<20
2021-03-13,7-12,ios,1.2.7,23
2021-03-13,7-12,ios,1.2.8,<20
2021-03-14,1-6,android,1.2.0,6223
2021-03-14,1-6,android,1.2.1,6513
2021-03-14,1-6,android,1.2.2,150614
2021-03-14,1-6,android,1.2.3,402129
2021-03-14,1-6,android,1.2.4,259
2021-03-14,1-6,android,1.2.5,41
2021-03-14,1-6,android,1.2.6,75
2021-03-14,1-6,android,1.2.7,67
2021-03-14,1-6,android,1.2.8,<20
2021-03-14,1-6,ios,1.2.0,41754
2021-03-14,1-6,ios,1.2.1,41646
2021-03-14,1-6,ios,1.2.2,342219
2021-03-14,1-6,ios,1.2.3,1174599
2021-03-14,1-6,ios,1.2.4,40
2021-03-14,1-6,ios,1.2.6,<20
2021-03-14,1-6,ios,1.2.7,20
2021-03-14,1-6,ios,1.2.8,<20
2021-03-14,13-30,android,1.2.0,42
2021-03-14,13-30,android,1.2.1,<20
2021-03-14,13-30,android,1.2.2,<20
2021-03-14,13-30,android,1.2.3,<20
2021-03-14,13-30,ios,1.2.0,<20
2021-03-14,13-30,ios,1.2.2,<20
2021-03-14,13-30,ios,1.2.3,28
2021-03-14,30+,android,1.2.0,<20
2021-03-14,30+,ios,1.2.0,<20
2021-03-14,7-12,android,1.2.0,949
2021-03-14,7-12,android,1.2.1,395
2021-03-14,7-12,android,1.2.2,5489
2021-03-14,7-12,android,1.2.3,28224
2021-03-14,7-12,android,1.2.4,<20
2021-03-14,7-12,android,1.2.6,<20
2021-03-14,7-12,ios,1.2.0,13752
2021-03-14,7-12,ios,1.2.1,13891
2021-03-14,7-12,ios,1.2.2,116184
2021-03-14,7-12,ios,1.2.3,592594
2021-03-14,7-12,ios,1.2.4,24
2021-03-14,7-12,ios,1.2.6,<20
2021-03-14,7-12,ios,1.2.7,<20
2021-03-15,1-6,android,1.2.0,6173
2021-03-15,1-6,android,1.2.1,5937
2021-03-15,1-6,android,1.2.2,71565
2021-03-15,1-6,android,1.2.3,485673
2021-03-15,1-6,android,1.2.4,273
2021-03-15,1-6,android,1.2.5,28
2021-03-15,1-6,android,1.2.6,80
2021-03-15,1-6,android,1.2.7,77
2021-03-15,1-6,android,1.2.8,<20
2021-03-15,1-6,ios,1.2.0,45546
2021-03-15,1-6,ios,1.2.1,37561
2021-03-15,1-6,ios,1.2.2,147215
2021-03-15,1-6,ios,1.2.3,1345020
2021-03-15,1-6,ios,1.2.4,33
2021-03-15,1-6,ios,1.2.6,<20
2021-03-15,1-6,ios,1.2.7,<20
2021-03-15,1-6,ios,1.2.8,<20
2021-03-15,13-30,android,1.2.0,40
2021-03-15,13-30,android,1.2.1,<20
2021-03-15,13-30,android,1.2.2,<20
2021-03-15,13-30,android,1.2.3,20
2021-03-15,13-30,ios,1.2.0,<20
2021-03-15,13-30,ios,1.2.2,<20
2021-03-15,13-30,ios,1.2.3,35
2021-03-15,30+,ios,1.2.0,<20
2021-03-15,30+,ios,1.2.3,<20
2021-03-15,7-12,android,1.2.0,780
2021-03-15,7-12,android,1.2.1,356
2021-03-15,7-12,android,1.2.2,2694
2021-03-15,7-12,android,1.2.3,31908
2021-03-15,7-12,android,1.2.4,<20
2021-03-15,7-12,android,1.2.5,<20
2021-03-15,7-12,android,1.2.7,<20
2021-03-15,7-12,ios,1.2.0,7864
2021-03-15,7-12,ios,1.2.1,12372
2021-03-15,7-12,ios,1.2.2,49922
2021-03-15,7-12,ios,1.2.3,695514
2021-03-15,7-12,ios,1.2.4,<20
2021-03-15,7-12,ios,1.2.6,<20
2021-03-15,7-12,ios,1.2.7,<20
2021-03-15,7-12,ios,1.2.8,<20
2021-03-16,1-6,android,1.2.0,5621
2021-03-16,1-6,android,1.2.1,5263
2021-03-16,1-6,android,1.2.2,31753
2021-03-16,1-6,android,1.2.3,523698
2021-03-16,1-6,android,1.2.4,369
2021-03-16,1-6,android,1.2.5,54
2021-03-16,1-6,android,1.2.6,82
2021-03-16,1-6,android,1.2.7,103
2021-03-16,1-6,android,1.2.8,21
2021-03-16,1-6,ios,1.2.0,38602
2021-03-16,1-6,ios,1.2.1,33227
2021-03-16,1-6,ios,1.2.2,103535
2021-03-16,1-6,ios,1.2.3,1363676
2021-03-16,1-6,ios,1.2.4,36
2021-03-16,1-6,ios,1.2.6,<20
2021-03-16,1-6,ios,1.2.7,<20
2021-03-16,1-6,ios,1.2.8,<20
2021-03-16,13-30,android,1.2.0,42
2021-03-16,13-30,android,1.2.2,<20
2021-03-16,13-30,android,1.2.3,26
2021-03-16,13-30,ios,1.2.0,<20
2021-03-16,13-30,ios,1.2.2,<20
2021-03-16,13-30,ios,1.2.3,37
2021-03-16,7-12,android,1.2.0,837
2021-03-16,7-12,android,1.2.1,335
2021-03-16,7-12,android,1.2.2,1576
2021-03-16,7-12,android,1.2.3,33538
2021-03-16,7-12,android,1.2.4,<20
2021-03-16,7-12,android,1.2.6,<20
2021-03-16,7-12,ios,1.2.0,12418
2021-03-16,7-12,ios,1.2.1,11706
2021-03-16,7-12,ios,1.2.2,37967
2021-03-16,7-12,ios,1.2.3,741077
2021-03-16,7-12,ios,1.2.4,<20
2021-03-16,7-12,ios,1.2.6,<20
2021-03-16,7-12,ios,1.2.7,<20
2021-03-16,7-12,ios,1.2.8,<20
2021-03-17,1-6,android,1.2.0,5410
2021-03-17,1-6,android,1.2.1,4881
2021-03-17,1-6,android,1.2.2,15323
2021-03-17,1-6,android,1.2.3,543790
2021-03-17,1-6,android,1.2.4,391
2021-03-17,1-6,android,1.2.5,44
2021-03-17,1-6,android,1.2.6,90
2021-03-17,1-6,android,1.2.7,119
2021-03-17,1-6,android,1.2.8,21
2021-03-17,1-6,ios,1.2.0,36968
2021-03-17,1-6,ios,1.2.1,30867
2021-03-17,1-6,ios,1.2.2,80117
2021-03-17,1-6,ios,1.2.3,1408054
2021-03-17,1-6,ios,1.2.4,38
2021-03-17,1-6,ios,1.2.6,<20
2021-03-17,1-6,ios,1.2.7,<20
2021-03-17,1-6,ios,1.2.8,<20
2021-03-17,13-30,android,1.2.0,30
2021-03-17,13-30,android,1.2.1,<20
2021-03-17,13-30,android,1.2.3,<20
2021-03-17,13-30,ios,1.2.0,<20
2021-03-17,13-30,ios,1.2.2,<20
2021-03-17,13-30,ios,1.2.3,34
2021-03-17,7-12,android,1.2.0,876
2021-03-17,7-12,android,1.2.1,318
2021-03-17,7-12,android,1.2.2,818
2021-03-17,7-12,android,1.2.3,34016
2021-03-17,7-12,android,1.2.4,<20
2021-03-17,7-12,android,1.2.6,<20
2021-03-17,7-12,ios,1.2.0,11741
2021-03-17,7-12,ios,1.2.1,10042
2021-03-17,7-12,ios,1.2.2,29328
2021-03-17,7-12,ios,1.2.3,732020
2021-03-17,7-12,ios,1.2.4,24
2021-03-17,7-12,ios,1.2.6,<20
2021-03-17,7-12,ios,1.2.7,<20
2021-03-17,7-12,ios,1.2.8,<20
2021-03-18,1-6,android,1.2.0,5295
2021-03-18,1-6,android,1.2.1,4567
2021-03-18,1-6,android,1.2.2,10546
2021-03-18,1-6,android,1.2.3,551534
2021-03-18,1-6,android,1.2.4,473
2021-03-18,1-6,android,1.2.5,72
2021-03-18,1-6,android,1.2.6,91
2021-03-18,1-6,android,1.2.7,125
2021-03-18,1-6,android,1.2.8,26
2021-03-18,1-6,ios,1.2.0,35371
2021-03-18,1-6,ios,1.2.1,28125
2021-03-18,1-6,ios,1.2.2,62179
2021-03-18,1-6,ios,1.2.3,1436822
2021-03-18,1-6,ios,1.2.4,38
2021-03-18,1-6,ios,1.2.6,<20
2021-03-18,1-6,ios,1.2.7,<20
2021-03-18,1-6,ios,1.2.8,<20
2021-03-18,13-30,android,1.2.0,32
2021-03-18,13-30,android,1.2.1,<20
2021-03-18,13-30,android,1.2.3,27
2021-03-18,13-30,ios,1.2.0,<20
2021-03-18,13-30,ios,1.2.2,<20
2021-03-18,13-30,ios,1.2.3,34
2021-03-18,30+,android,1.2.3,<20
2021-03-18,7-12,android,1.2.0,800
2021-03-18,7-12,android,1.2.1,306
2021-03-18,7-12,android,1.2.2,631
2021-03-18,7-12,android,1.2.3,33904
2021-03-18,7-12,android,1.2.4,<20
2021-03-18,7-12,android,1.2.6,<20
2021-03-18,7-12,android,1.2.7,<20
2021-03-18,7-12,ios,1.2.0,11241
2021-03-18,7-12,ios,1.2.1,9223
2021-03-18,7-12,ios,1.2.2,22694
2021-03-18,7-12,ios,1.2.3,732053
2021-03-18,7-12,ios,1.2.4,29
2021-03-18,7-12,ios,1.2.6,<20
2021-03-18,7-12,ios,1.2.7,<20
2021-03-18,7-12,ios,1.2.8,<20
2021-03-19,1-6,android,1.2.0,5028
2021-03-19,1-6,android,1.2.1,4169
2021-03-19,1-6,android,1.2.2,8610
2021-03-19,1-6,android,1.2.3,553746
2021-03-19,1-6,android,1.2.4,509
2021-03-19,1-6,android,1.2.5,57
2021-03-19,1-6,android,1.2.6,75
2021-03-19,1-6,android,1.2.7,95
2021-03-19,1-6,android,1.2.8,<20
2021-03-19,1-6,ios,1.2.0,33927
2021-03-19,1-6,ios,1.2.1,25957
2021-03-19,1-6,ios,1.2.2,51573
2021-03-19,1-6,ios,1.2.3,1442980
2021-03-19,1-6,ios,1.2.4,43
2021-03-19,1-6,ios,1.2.6,<20
2021-03-19,1-6,ios,1.2.7,<20
2021-03-19,1-6,ios,1.2.8,<20
2021-03-19,13-30,android,1.2.0,48
2021-03-19,13-30,android,1.2.1,<20
2021-03-19,13-30,android,1.2.2,<20
2021-03-19,13-30,android,1.2.3,<20
2021-03-19,13-30,ios,1.2.1,<20
2021-03-19,13-30,ios,1.2.2,<20
2021-03-19,13-30,ios,1.2.3,34
2021-03-19,7-12,android,1.2.0,791
2021-03-19,7-12,android,1.2.1,285
2021-03-19,7-12,android,1.2.2,538
2021-03-19,7-12,android,1.2.3,33914
2021-03-19,7-12,android,1.2.4,<20
2021-03-19,7-12,android,1.2.7,<20
2021-03-19,7-12,ios,1.2.0,11072
2021-03-19,7-12,ios,1.2.1,8556
2021-03-19,7-12,ios,1.2.2,18766
2021-03-19,7-12,ios,1.2.3,745540
2021-03-19,7-12,ios,1.2.4,31
2021-03-19,7-12,ios,1.2.6,<20
2021-03-19,7-12,ios,1.2.7,<20
2021-03-20,1-6,android,1.2.0,4861
2021-03-20,1-6,android,1.2.1,3875
2021-03-20,1-6,android,1.2.2,7248
2021-03-20,1-6,android,1.2.3,548306
2021-03-20,1-6,android,1.2.4,574
2021-03-20,1-6,android,1.2.5,69
2021-03-20,1-6,android,1.2.6,87
2021-03-20,1-6,android,1.2.7,122
2021-03-20,1-6,android,1.2.8,20
2021-03-20,1-6,ios,1.2.0,31850
2021-03-20,1-6,ios,1.2.1,23877
2021-03-20,1-6,ios,1.2.2,44097
2021-03-20,1-6,ios,1.2.3,1448874
2021-03-20,1-6,ios,1.2.4,56
2021-03-20,1-6,ios,1.2.6,<20
2021-03-20,1-6,ios,1.2.7,<20
2021-03-20,1-6,ios,1.2.8,<20
2021-03-20,13-30,android,1.2.0,29
2021-03-20,13-30,android,1.2.3,28
2021-03-20,13-30,android,1.2.5,<20
2021-03-20,13-30,ios,1.2.0,<20
2021-03-20,13-30,ios,1.2.1,<20
2021-03-20,13-30,ios,1.2.3,25
2021-03-20,30+,android,1.2.0,<20
2021-03-20,30+,ios,1.2.0,<20
2021-03-20,7-12,android,1.2.0,742
2021-03-20,7-12,android,1.2.1,263
2021-03-20,7-12,android,1.2.2,452
2021-03-20,7-12,android,1.2.3,33756
2021-03-20,7-12,android,1.2.4,<20
2021-03-20,7-12,android,1.2.5,<20
2021-03-20,7-12,android,1.2.6,<20
2021-03-20,7-12,android,1.2.7,<20
2021-03-20,7-12,ios,1.2.0,11164
2021-03-20,7-12,ios,1.2.1,8040
2021-03-20,7-12,ios,1.2.2,16532
2021-03-20,7-12,ios,1.2.3,750167
2021-03-20,7-12,ios,1.2.4,35
2021-03-20,7-12,ios,1.2.6,<20
2021-03-20,7-12,ios,1.2.7,<20
2021-03-20,7-12,ios,1.2.8,<20
2021-03-21,1-6,android,1.2.0,4601
2021-03-21,1-6,android,1.2.1,3594
2021-03-21,1-6,android,1.2.2,6211
2021-03-21,1-6,android,1.2.3,548608
2021-03-21,1-6,android,1.2.4,621
2021-03-21,1-6,android,1.2.5,74
2021-03-21,1-6,android,1.2.6,108
2021-03-21,1-6,android,1.2.7,137
2021-03-21,1-6,android,1.2.8,<20
2021-03-21,1-6,ios,1.2.0,30805
2021-03-21,1-6,ios,1.2.1,22156
2021-03-21,1-6,ios,1.2.2,39087
2021-03-21,1-6,ios,1.2.3,1473775
2021-03-21,1-6,ios,1.2.4,55
2021-03-21,1-6,ios,1.2.6,<20
2021-03-21,1-6,ios,1.2.7,<20
2021-03-21,1-6,ios,1.2.8,<20
2021-03-21,13-30,android,1.2.0,24
2021-03-21,13-30,android,1.2.3,20
2021-03-21,13-30,ios,1.2.0,<20
2021-03-21,13-30,ios,1.2.3,20
2021-03-21,30+,android,1.2.0,<20
2021-03-21,30+,ios,1.2.0,<20
2021-03-21,7-12,android,1.2.0,752
2021-03-21,7-12,android,1.2.1,254
2021-03-21,7-12,android,1.2.2,419
2021-03-21,7-12,android,1.2.3,33424
2021-03-21,7-12,android,1.2.4,<20
2021-03-21,7-12,android,1.2.5,<20
2021-03-21,7-12,android,1.2.6,<20
2021-03-21,7-12,android,1.2.7,<20
2021-03-21,7-12,ios,1.2.0,10649
2021-03-21,7-12,ios,1.2.1,7723
2021-03-21,7-12,ios,1.2.2,14187
2021-03-21,7-12,ios,1.2.3,735937
2021-03-21,7-12,ios,1.2.4,41
2021-03-21,7-12,ios,1.2.6,<20
2021-03-21,7-12,ios,1.2.7,<20
2021-03-21,7-12,ios,1.2.8,<20
2021-03-22,1-6,android,1.2.0,4619
2021-03-22,1-6,android,1.2.1,3455
2021-03-22,1-6,android,1.2.2,6046
2021-03-22,1-6,android,1.2.3,558752
2021-03-22,1-6,android,1.2.4,851
2021-03-22,1-6,android,1.2.5,84
2021-03-22,1-6,android,1.2.6,113
2021-03-22,1-6,android,1.2.7,135
2021-03-22,1-6,android,1.2.8,25
2021-03-22,1-6,ios,1.2.0,30856
2021-03-22,1-6,ios,1.2.1,21258
2021-03-22,1-6,ios,1.2.2,35258
2021-03-22,1-6,ios,1.2.3,1489704
2021-03-22,1-6,ios,1.2.4,81
2021-03-22,1-6,ios,1.2.6,<20
2021-03-22,1-6,ios,1.2.7,<20
2021-03-22,1-6,ios,1.2.8,<20
2021-03-22,13-30,android,1.2.0,32
2021-03-22,13-30,android,1.2.1,<20
2021-03-22,13-30,android,1.2.3,<20
2021-03-22,13-30,ios,1.2.0,<20
2021-03-22,13-30,ios,1.2.1,<20
2021-03-22,13-30,ios,1.2.3,25
2021-03-22,7-12,android,1.2.0,708
2021-03-22,7-12,android,1.2.1,211
2021-03-22,7-12,android,1.2.2,347
2021-03-22,7-12,android,1.2.3,33559
2021-03-22,7-12,android,1.2.4,<20
2021-03-22,7-12,android,1.2.7,<20
2021-03-22,7-12,ios,1.2.0,9580
2021-03-22,7-12,ios,1.2.1,7089
2021-03-22,7-12,ios,1.2.2,12431
2021-03-22,7-12,ios,1.2.3,732376
2021-03-22,7-12,ios,1.2.4,39
2021-03-22,7-12,ios,1.2.6,<20
2021-03-22,7-12,ios,1.2.7,<20
2021-03-22,7-12,ios,1.2.8,<20
2021-03-23,1-6,android,1.2.0,4421
2021-03-23,1-6,android,1.2.1,3410
2021-03-23,1-6,android,1.2.2,5474
2021-03-23,1-6,android,1.2.3,558432
2021-03-23,1-6,android,1.2.4,1150
2021-03-23,1-6,android,1.2.5,107
2021-03-23,1-6,android,1.2.6,142
2021-03-23,1-6,android,1.2.7,161
2021-03-23,1-6,android,1.2.8,26
2021-03-23,1-6,ios,1.2.0,29187
2021-03-23,1-6,ios,1.2.1,19602
2021-03-23,1-6,ios,1.2.2,30887
2021-03-23,1-6,ios,1.2.3,1456242
2021-03-23,1-6,ios,1.2.4,96
2021-03-23,1-6,ios,1.2.6,<20
2021-03-23,1-6,ios,1.2.7,<20
2021-03-23,1-6,ios,1.2.8,<20
2021-03-23,13-30,android,1.2.0,<20
2021-03-23,13-30,android,1.2.3,28
2021-03-23,13-30,ios,1.2.0,<20
2021-03-23,13-30,ios,1.2.3,24
2021-03-23,7-12,android,1.2.0,720
2021-03-23,7-12,android,1.2.1,234
2021-03-23,7-12,android,1.2.2,329
2021-03-23,7-12,android,1.2.3,34052
2021-03-23,7-12,android,1.2.4,<20
2021-03-23,7-12,android,1.2.5,<20
2021-03-23,7-12,android,1.2.7,<20
2021-03-23,7-12,ios,1.2.0,9932
2021-03-23,7-12,ios,1.2.1,7196
2021-03-23,7-12,ios,1.2.2,12005
2021-03-23,7-12,ios,1.2.3,774049
2021-03-23,7-12,ios,1.2.4,61
2021-03-23,7-12,ios,1.2.6,<20
2021-03-23,7-12,ios,1.2.7,<20
2021-03-23,7-12,ios,1.2.8,<20
2021-03-24,1-6,android,1.2.0,4288
2021-03-24,1-6,android,1.2.1,3275
2021-03-24,1-6,android,1.2.2,4932
2021-03-24,1-6,android,1.2.3,568343
2021-03-24,1-6,android,1.2.4,1363
2021-03-24,1-6,android,1.2.5,116
2021-03-24,1-6,android,1.2.6,158
2021-03-24,1-6,android,1.2.7,140
2021-03-24,1-6,android,1.2.8,25
2021-03-24,1-6,ios,1.2.0,28113
2021-03-24,1-6,ios,1.2.1,18691
2021-03-24,1-6,ios,1.2.2,28107
2021-03-24,1-6,ios,1.2.3,1465143
2021-03-24,1-6,ios,1.2.4,129
2021-03-24,1-6,ios,1.2.6,<20
2021-03-24,1-6,ios,1.2.7,<20
2021-03-24,1-6,ios,1.2.8,<20
2021-03-24,13-30,android,1.2.0,28
2021-03-24,13-30,android,1.2.2,<20
2021-03-24,13-30,android,1.2.3,22
2021-03-24,13-30,ios,1.2.3,30
2021-03-24,7-12,android,1.2.0,727
2021-03-24,7-12,android,1.2.1,204
2021-03-24,7-12,android,1.2.2,301
2021-03-24,7-12,android,1.2.3,34013
2021-03-24,7-12,android,1.2.4,<20
2021-03-24,7-12,android,1.2.6,<20
2021-03-24,7-12,ios,1.2.0,9756
2021-03-24,7-12,ios,1.2.1,6691
2021-03-24,7-12,ios,1.2.2,10899
2021-03-24,7-12,ios,1.2.3,771556
2021-03-24,7-12,ios,1.2.4,62
2021-03-24,7-12,ios,1.2.6,<20
2021-03-24,7-12,ios,1.2.7,<20
2021-03-24,7-12,ios,1.2.8,<20
2021-03-25,1-6,android,1.2.0,4343
2021-03-25,1-6,android,1.2.1,3263
2021-03-25,1-6,android,1.2.2,4697
2021-03-25,1-6,android,1.2.3,577553
2021-03-25,1-6,android,1.2.4,2300
2021-03-25,1-6,android,1.2.5,137
2021-03-25,1-6,android,1.2.6,171
2021-03-25,1-6,android,1.2.7,165
2021-03-25,1-6,android,1.2.8,32
2021-03-25,1-6,ios,1.2.0,27222
2021-03-25,1-6,ios,1.2.1,17836
2021-03-25,1-6,ios,1.2.2,25605
2021-03-25,1-6,ios,1.2.3,1469306
2021-03-25,1-6,ios,1.2.4,422
2021-03-25,1-6,ios,1.2.6,<20
2021-03-25,1-6,ios,1.2.7,<20
2021-03-25,1-6,ios,1.2.8,<20
2021-03-25,13-30,android,1.2.0,28
2021-03-25,13-30,android,1.2.1,<20
2021-03-25,13-30,android,1.2.3,<20
2021-03-25,13-30,ios,1.2.1,<20
2021-03-25,13-30,ios,1.2.3,33
2021-03-25,30+,ios,1.2.0,<20
2021-03-25,7-12,android,1.2.0,694
2021-03-25,7-12,android,1.2.1,209
2021-03-25,7-12,android,1.2.2,292
2021-03-25,7-12,android,1.2.3,34582
2021-03-25,7-12,android,1.2.4,25
2021-03-25,7-12,android,1.2.5,<20
2021-03-25,7-12,android,1.2.7,<20
2021-03-25,7-12,ios,1.2.0,9655
2021-03-25,7-12,ios,1.2.1,6320
2021-03-25,7-12,ios,1.2.2,10052
2021-03-25,7-12,ios,1.2.3,773109
2021-03-25,7-12,ios,1.2.4,202
2021-03-25,7-12,ios,1.2.6,<20
2021-03-25,7-12,ios,1.2.7,<20
2021-03-25,7-12,ios,1.2.8,<20
2021-03-26,1-6,android,1.2.0,4262
2021-03-26,1-6,android,1.2.1,3059
2021-03-26,1-6,android,1.2.2,4335
2021-03-26,1-6,android,1.2.3,570631
2021-03-26,1-6,android,1.2.4,12388
2021-03-26,1-6,android,1.2.5,177
2021-03-26,1-6,android,1.2.6,186
2021-03-26,1-6,android,1.2.7,160
2021-03-26,1-6,android,1.2.8,31
2021-03-26,1-6,ios,1.2.0,26476
2021-03-26,1-6,ios,1.2.1,16919
2021-03-26,1-6,ios,1.2.2,23582
2021-03-26,1-6,ios,1.2.3,1449886
2021-03-26,1-6,ios,1.2.4,22505
2021-03-26,1-6,ios,1.2.6,<20
2021-03-26,1-6,ios,1.2.7,<20
2021-03-26,1-6,ios,1.2.8,<20
2021-03-26,13-30,android,1.2.0,27
2021-03-26,13-30,android,1.2.2,<20
2021-03-26,13-30,android,1.2.3,<20
2021-03-26,13-30,android,1.2.4,<20
2021-03-26,13-30,ios,1.2.0,<20
2021-03-26,13-30,ios,1.2.3,34
2021-03-26,30+,ios,1.2.0,<20
2021-03-26,7-12,android,1.2.0,673
2021-03-26,7-12,android,1.2.1,198
2021-03-26,7-12,android,1.2.2,283
2021-03-26,7-12,android,1.2.3,34231
2021-03-26,7-12,android,1.2.4,369
2021-03-26,7-12,android,1.2.7,<20
2021-03-26,7-12,ios,1.2.0,9290
2021-03-26,7-12,ios,1.2.1,6020
2021-03-26,7-12,ios,1.2.2,9378
2021-03-26,7-12,ios,1.2.3,760699
2021-03-26,7-12,ios,1.2.4,14023
2021-03-26,7-12,ios,1.2.6,<20
2021-03-26,7-12,ios,1.2.7,<20
2021-03-26,7-12,ios,1.2.8,<20
2021-03-27,1-6,android,1.2.0,4027
2021-03-27,1-6,android,1.2.1,2896
2021-03-27,1-6,android,1.2.2,3886
2021-03-27,1-6,android,1.2.3,438977
2021-03-27,1-6,android,1.2.4,139663
2021-03-27,1-6,android,1.2.5,209
2021-03-27,1-6,android,1.2.6,200
2021-03-27,1-6,android,1.2.7,190
2021-03-27,1-6,android,1.2.8,42
2021-03-27,1-6,ios,1.2.0,25200
2021-03-27,1-6,ios,1.2.1,16103
2021-03-27,1-6,ios,1.2.2,21769
2021-03-27,1-6,ios,1.2.3,1048172
2021-03-27,1-6,ios,1.2.4,419970
2021-03-27,1-6,ios,1.2.6,28
2021-03-27,1-6,ios,1.2.7,32
2021-03-27,1-6,ios,1.2.8,<20
2021-03-27,13-30,android,1.2.0,22
2021-03-27,13-30,android,1.2.3,<20
2021-03-27,13-30,android,1.2.4,<20
2021-03-27,13-30,ios,1.2.0,<20
2021-03-27,13-30,ios,1.2.1,<20
2021-03-27,13-30,ios,1.2.2,<20
2021-03-27,13-30,ios,1.2.3,<20
2021-03-27,13-30,ios,1.2.4,<20
2021-03-27,30+,ios,1.2.0,<20
2021-03-27,7-12,android,1.2.0,648
2021-03-27,7-12,android,1.2.1,192
2021-03-27,7-12,android,1.2.2,259
2021-03-27,7-12,android,1.2.3,25252
2021-03-27,7-12,android,1.2.4,9063
2021-03-27,7-12,android,1.2.6,<20
2021-03-27,7-12,android,1.2.7,<20
2021-03-27,7-12,ios,1.2.0,9463
2021-03-27,7-12,ios,1.2.1,5774
2021-03-27,7-12,ios,1.2.2,8853
2021-03-27,7-12,ios,1.2.3,504401
2021-03-27,7-12,ios,1.2.4,273647
2021-03-27,7-12,ios,1.2.6,<20
2021-03-27,7-12,ios,1.2.7,<20
2021-03-27,7-12,ios,1.2.8,<20
2021-03-28,1-6,android,1.2.0,3896
2021-03-28,1-6,android,1.2.1,2682
2021-03-28,1-6,android,1.2.2,3582
2021-03-28,1-6,android,1.2.3,166340
2021-03-28,1-6,android,1.2.4,413449
2021-03-28,1-6,android,1.2.5,227
2021-03-28,1-6,android,1.2.6,255
2021-03-28,1-6,android,1.2.7,203
2021-03-28,1-6,android,1.2.8,30
2021-03-28,1-6,ios,1.2.0,24815
2021-03-28,1-6,ios,1.2.1,15314
2021-03-28,1-6,ios,1.2.2,20783
2021-03-28,1-6,ios,1.2.3,371519
2021-03-28,1-6,ios,1.2.4,1107909
2021-03-28,1-6,ios,1.2.6,22
2021-03-28,1-6,ios,1.2.7,26
2021-03-28,1-6,ios,1.2.8,<20
2021-03-28,13-30,android,1.2.0,23
2021-03-28,13-30,android,1.2.3,<20
2021-03-28,13-30,android,1.2.4,<20
2021-03-28,13-30,ios,1.2.0,<20
2021-03-28,13-30,ios,1.2.3,<20
2021-03-28,13-30,ios,1.2.4,20
2021-03-28,30+,android,1.2.0,<20
2021-03-28,7-12,android,1.2.0,620
2021-03-28,7-12,android,1.2.1,192
2021-03-28,7-12,android,1.2.2,243
2021-03-28,7-12,android,1.2.3,5898
2021-03-28,7-12,android,1.2.4,28097
2021-03-28,7-12,android,1.2.5,<20
2021-03-28,7-12,android,1.2.6,<20
2021-03-28,7-12,android,1.2.7,<20
2021-03-28,7-12,ios,1.2.0,8745
2021-03-28,7-12,ios,1.2.1,5511
2021-03-28,7-12,ios,1.2.2,7767
2021-03-28,7-12,ios,1.2.3,142014
2021-03-28,7-12,ios,1.2.4,624496
2021-03-28,7-12,ios,1.2.6,20
2021-03-28,7-12,ios,1.2.7,33
2021-03-28,7-12,ios,1.2.8,<20
2021-03-29,1-6,android,1.2.0,3885
2021-03-29,1-6,android,1.2.1,2598
2021-03-29,1-6,android,1.2.2,3405
2021-03-29,1-6,android,1.2.3,83678
2021-03-29,1-6,android,1.2.4,504770
2021-03-29,1-6,android,1.2.5,347
2021-03-29,1-6,android,1.2.6,276
2021-03-29,1-6,android,1.2.7,245
2021-03-29,1-6,android,1.2.8,48
2021-03-29,1-6,ios,1.2.0,24707
2021-03-29,1-6,ios,1.2.1,14809
2021-03-29,1-6,ios,1.2.2,19527
2021-03-29,1-6,ios,1.2.3,169320
2021-03-29,1-6,ios,1.2.4,1301506
2021-03-29,1-6,ios,1.2.5,<20
2021-03-29,1-6,ios,1.2.6,24
2021-03-29,1-6,ios,1.2.7,25
2021-03-29,1-6,ios,1.2.8,<20
2021-03-29,13-30,android,1.2.0,<20
2021-03-29,13-30,android,1.2.1,<20
2021-03-29,13-30,android,1.2.3,<20
2021-03-29,13-30,android,1.2.4,<20
2021-03-29,13-30,ios,1.2.3,<20
2021-03-29,13-30,ios,1.2.4,27
2021-03-29,7-12,android,1.2.0,602
2021-03-29,7-12,android,1.2.1,188
2021-03-29,7-12,android,1.2.2,240
2021-03-29,7-12,android,1.2.3,3182
2021-03-29,7-12,android,1.2.4,31784
2021-03-29,7-12,android,1.2.5,<20
2021-03-29,7-12,android,1.2.7,<20
2021-03-29,7-12,android,1.2.8,<20
2021-03-29,7-12,ios,1.2.0,8126
2021-03-29,7-12,ios,1.2.1,5214
2021-03-29,7-12,ios,1.2.2,7510
2021-03-29,7-12,ios,1.2.3,62577
2021-03-29,7-12,ios,1.2.4,718644
2021-03-29,7-12,ios,1.2.6,<20
2021-03-29,7-12,ios,1.2.7,<20
2021-03-29,7-12,ios,1.2.8,<20
2021-03-30,1-6,android,1.2.0,3688
2021-03-30,1-6,android,1.2.1,2481
2021-03-30,1-6,android,1.2.2,3229
2021-03-30,1-6,android,1.2.3,40178
2021-03-30,1-6,android,1.2.4,550205
2021-03-30,1-6,android,1.2.5,542
2021-03-30,1-6,android,1.2.6,296
2021-03-30,1-6,android,1.2.7,232
2021-03-30,1-6,android,1.2.8,42
2021-03-30,1-6,ios,1.2.0,23690
2021-03-30,1-6,ios,1.2.1,14023
2021-03-30,1-6,ios,1.2.2,18215
2021-03-30,1-6,ios,1.2.3,124017
2021-03-30,1-6,ios,1.2.4,1333313
2021-03-30,1-6,ios,1.2.5,<20
2021-03-30,1-6,ios,1.2.6,<20
2021-03-30,1-6,ios,1.2.7,<20
2021-03-30,1-6,ios,1.2.8,<20
2021-03-30,13-30,android,1.2.0,20
2021-03-30,13-30,android,1.2.4,27
2021-03-30,13-30,ios,1.2.0,<20
2021-03-30,13-30,ios,1.2.1,<20
2021-03-30,13-30,ios,1.2.2,<20
2021-03-30,13-30,ios,1.2.3,<20
2021-03-30,13-30,ios,1.2.4,34
2021-03-30,7-12,android,1.2.0,614
2021-03-30,7-12,android,1.2.1,174
2021-03-30,7-12,android,1.2.2,229
2021-03-30,7-12,android,1.2.3,1857
2021-03-30,7-12,android,1.2.4,33149
2021-03-30,7-12,android,1.2.5,<20
2021-03-30,7-12,android,1.2.6,<20
2021-03-30,7-12,ios,1.2.0,8341
2021-03-30,7-12,ios,1.2.1,5303
2021-03-30,7-12,ios,1.2.2,7309
2021-03-30,7-12,ios,1.2.3,48924
2021-03-30,7-12,ios,1.2.4,750005
2021-03-30,7-12,ios,1.2.5,<20
2021-03-30,7-12,ios,1.2.6,<20
2021-03-30,7-12,ios,1.2.7,23
2021-03-30,7-12,ios,1.2.8,<20
2021-03-31,1-6,android,1.2.0,3632
2021-03-31,1-6,android,1.2.1,2398
2021-03-31,1-6,android,1.2.2,3027
2021-03-31,1-6,android,1.2.3,21823
2021-03-31,1-6,android,1.2.4,569810
2021-03-31,1-6,android,1.2.5,2893
2021-03-31,1-6,android,1.2.6,392
2021-03-31,1-6,android,1.2.7,274
2021-03-31,1-6,android,1.2.8,58
2021-03-31,1-6,ios,1.2.0,23158
2021-03-31,1-6,ios,1.2.1,13717
2021-03-31,1-6,ios,1.2.2,16969
2021-03-31,1-6,ios,1.2.3,99473
2021-03-31,1-6,ios,1.2.4,1371444
2021-03-31,1-6,ios,1.2.5,<20
2021-03-31,1-6,ios,1.2.6,25
2021-03-31,1-6,ios,1.2.7,28
2021-03-31,1-6,ios,1.2.8,<20
2021-03-31,13-30,android,1.2.0,26
2021-03-31,13-30,android,1.2.2,<20
2021-03-31,13-30,android,1.2.3,<20
2021-03-31,13-30,android,1.2.4,20
2021-03-31,13-30,ios,1.2.0,<20
2021-03-31,13-30,ios,1.2.3,<20
2021-03-31,13-30,ios,1.2.4,33
2021-03-31,30+,ios,1.2.4,<20
2021-03-31,7-12,android,1.2.0,587
2021-03-31,7-12,android,1.2.1,162
2021-03-31,7-12,android,1.2.2,219
2021-03-31,7-12,android,1.2.3,1119
2021-03-31,7-12,android,1.2.4,33255
2021-03-31,7-12,android,1.2.5,66
2021-03-31,7-12,android,1.2.6,<20
2021-03-31,7-12,android,1.2.7,<20
2021-03-31,7-12,ios,1.2.0,8092
2021-03-31,7-12,ios,1.2.1,4886
2021-03-31,7-12,ios,1.2.2,7079
2021-03-31,7-12,ios,1.2.3,39601
2021-03-31,7-12,ios,1.2.4,748642
2021-03-31,7-12,ios,1.2.6,<20
2021-03-31,7-12,ios,1.2.7,23
2021-03-31,7-12,ios,1.2.8,<20
2021-04-01,1-6,android,1.2.0,3612
2021-04-01,1-6,android,1.2.1,2285
2021-04-01,1-6,android,1.2.2,2906
2021-04-01,1-6,android,1.2.3,16352
2021-04-01,1-6,android,1.2.4,551431
2021-04-01,1-6,android,1.2.5,31190
2021-04-01,1-6,android,1.2.6,466
2021-04-01,1-6,android,1.2.7,370
2021-04-01,1-6,android,1.2.8,42
2021-04-01,1-6,ios,1.2.0,22427
2021-04-01,1-6,ios,1.2.1,13137
2021-04-01,1-6,ios,1.2.2,16085
2021-04-01,1-6,ios,1.2.3,79511
2021-04-01,1-6,ios,1.2.4,1395255
2021-04-01,1-6,ios,1.2.5,<20
2021-04-01,1-6,ios,1.2.6,46
2021-04-01,1-6,ios,1.2.7,27
2021-04-01,1-6,ios,1.2.8,<20
2021-04-01,13-30,android,1.2.0,25
2021-04-01,13-30,android,1.2.4,20
2021-04-01,13-30,ios,1.2.4,26
2021-04-01,13-30,ios,1.2.7,<20
2021-04-01,30+,android,1.2.4,<20
2021-04-01,7-12,android,1.2.0,561
2021-04-01,7-12,android,1.2.1,169
2021-04-01,7-12,android,1.2.2,203
2021-04-01,7-12,android,1.2.3,938
2021-04-01,7-12,android,1.2.4,32040
2021-04-01,7-12,android,1.2.5,1939
2021-04-01,7-12,android,1.2.6,<20
2021-04-01,7-12,android,1.2.8,<20
2021-04-01,7-12,ios,1.2.0,7988
2021-04-01,7-12,ios,1.2.1,4822
2021-04-01,7-12,ios,1.2.2,6697
2021-04-01,7-12,ios,1.2.3,32456
2021-04-01,7-12,ios,1.2.4,755332
2021-04-01,7-12,ios,1.2.6,21
2021-04-01,7-12,ios,1.2.7,<20
2021-04-01,7-12,ios,1.2.8,<20
2021-04-02,1-6,android,1.2.0,3532
2021-04-02,1-6,android,1.2.1,2123
2021-04-02,1-6,android,1.2.2,2711
2021-04-02,1-6,android,1.2.3,13554
2021-04-02,1-6,android,1.2.4,493805
2021-04-02,1-6,android,1.2.5,86836
2021-04-02,1-6,android,1.2.6,526
2021-04-02,1-6,android,1.2.7,392
2021-04-02,1-6,android,1.2.8,55
2021-04-02,1-6,ios,1.2.0,21338
2021-04-02,1-6,ios,1.2.1,12671
2021-04-02,1-6,ios,1.2.2,15149
2021-04-02,1-6,ios,1.2.3,67388
2021-04-02,1-6,ios,1.2.4,1407127
2021-04-02,1-6,ios,1.2.5,<20
2021-04-02,1-6,ios,1.2.6,24
2021-04-02,1-6,ios,1.2.7,38
2021-04-02,1-6,ios,1.2.8,<20
2021-04-02,13-30,android,1.2.0,21
2021-04-02,13-30,android,1.2.1,<20
2021-04-02,13-30,android,1.2.3,<20
2021-04-02,13-30,android,1.2.4,25
2021-04-02,13-30,android,1.2.5,<20
2021-04-02,13-30,ios,1.2.4,32
2021-04-02,7-12,android,1.2.0,535
2021-04-02,7-12,android,1.2.1,162
2021-04-02,7-12,android,1.2.2,197
2021-04-02,7-12,android,1.2.3,809
2021-04-02,7-12,android,1.2.4,28384
2021-04-02,7-12,android,1.2.5,5661
2021-04-02,7-12,android,1.2.6,<20
2021-04-02,7-12,android,1.2.7,<20
2021-04-02,7-12,android,1.2.8,<20
2021-04-02,7-12,ios,1.2.0,8167
2021-04-02,7-12,ios,1.2.1,4583
2021-04-02,7-12,ios,1.2.2,6408
2021-04-02,7-12,ios,1.2.3,27973
2021-04-02,7-12,ios,1.2.4,759712
2021-04-02,7-12,ios,1.2.6,<20
2021-04-02,7-12,ios,1.2.7,31
2021-04-02,7-12,ios,1.2.8,<20
2021-04-03,1-6,android,1.2.0,3392
2021-04-03,1-6,android,1.2.1,2058
2021-04-03,1-6,android,1.2.2,2619
2021-04-03,1-6,android,1.2.3,11722
2021-04-03,1-6,android,1.2.4,477377
2021-04-03,1-6,android,1.2.5,104364
2021-04-03,1-6,android,1.2.6,649
2021-04-03,1-6,android,1.2.7,394
2021-04-03,1-6,android,1.2.8,68
2021-04-03,1-6,ios,1.2.0,20989
2021-04-03,1-6,ios,1.2.1,11985
2021-04-03,1-6,ios,1.2.2,14474
2021-04-03,1-6,ios,1.2.3,59364
2021-04-03,1-6,ios,1.2.4,1410846
2021-04-03,1-6,ios,1.2.5,<20
2021-04-03,1-6,ios,1.2.6,38
2021-04-03,1-6,ios,1.2.7,35
2021-04-03,1-6,ios,1.2.8,<20
2021-04-03,13-30,android,1.2.0,30
2021-04-03,13-30,android,1.2.1,<20
2021-04-03,13-30,android,1.2.2,<20
2021-04-03,13-30,android,1.2.3,<20
2021-04-03,13-30,android,1.2.4,<20
2021-04-03,13-30,ios,1.2.1,<20
2021-04-03,13-30,ios,1.2.4,28
2021-04-03,30+,ios,1.2.0,<20
2021-04-03,7-12,android,1.2.0,540
2021-04-03,7-12,android,1.2.1,156
2021-04-03,7-12,android,1.2.2,175
2021-04-03,7-12,android,1.2.3,689
2021-04-03,7-12,android,1.2.4,28043
2021-04-03,7-12,android,1.2.5,6381
2021-04-03,7-12,android,1.2.6,<20
2021-04-03,7-12,ios,1.2.0,7748
2021-04-03,7-12,ios,1.2.1,4612
2021-04-03,7-12,ios,1.2.2,6094
2021-04-03,7-12,ios,1.2.3,24880
2021-04-03,7-12,ios,1.2.4,766848
2021-04-03,7-12,ios,1.2.6,<20
2021-04-03,7-12,ios,1.2.7,23
2021-04-03,7-12,ios,1.2.8,<20
2021-04-04,1-6,android,1.2.0,3382
2021-04-04,1-6,android,1.2.1,1977
2021-04-04,1-6,android,1.2.2,2532
2021-04-04,1-6,android,1.2.3,10379
2021-04-04,1-6,android,1.2.4,473765
2021-04-04,1-6,android,1.2.5,112922
2021-04-04,1-6,android,1.2.6,735
2021-04-04,1-6,android,1.2.7,445
2021-04-04,1-6,android,1.2.8,72
2021-04-04,1-6,ios,1.2.0,20549
2021-04-04,1-6,ios,1.2.1,11732
2021-04-04,1-6,ios,1.2.2,14061
2021-04-04,1-6,ios,1.2.3,54232
2021-04-04,1-6,ios,1.2.4,1452859
2021-04-04,1-6,ios,1.2.6,59
2021-04-04,1-6,ios,1.2.7,45
2021-04-04,1-6,ios,1.2.8,<20
2021-04-04,13-30,android,1.2.0,26
2021-04-04,13-30,android,1.2.4,20
2021-04-04,13-30,android,1.2.5,<20
2021-04-04,13-30,android,1.2.6,<20
2021-04-04,13-30,ios,1.2.0,<20
2021-04-04,13-30,ios,1.2.1,<20
2021-04-04,13-30,ios,1.2.4,<20
2021-04-04,30+,ios,1.2.0,<20
2021-04-04,7-12,android,1.2.0,469
2021-04-04,7-12,android,1.2.1,158
2021-04-04,7-12,android,1.2.2,154
2021-04-04,7-12,android,1.2.3,620
2021-04-04,7-12,android,1.2.4,27313
2021-04-04,7-12,android,1.2.5,6529
2021-04-04,7-12,android,1.2.7,<20
2021-04-04,7-12,ios,1.2.0,7575
2021-04-04,7-12,ios,1.2.1,4274
2021-04-04,7-12,ios,1.2.2,5604
2021-04-04,7-12,ios,1.2.3,21647
2021-04-04,7-12,ios,1.2.4,734397
2021-04-04,7-12,ios,1.2.6,27
2021-04-04,7-12,ios,1.2.7,23
2021-04-04,7-12,ios,1.2.8,<20
2021-04-05,1-6,android,1.2.0,3305
2021-04-05,1-6,android,1.2.1,1915
2021-04-05,1-6,android,1.2.2,2386
2021-04-05,1-6,android,1.2.3,9828
2021-04-05,1-6,android,1.2.4,476356
2021-04-05,1-6,android,1.2.5,118820
2021-04-05,1-6,android,1.2.6,1147
2021-04-05,1-6,android,1.2.7,580
2021-04-05,1-6,android,1.2.8,82
2021-04-05,1-6,ios,1.2.0,20581
2021-04-05,1-6,ios,1.2.1,11325
2021-04-05,1-6,ios,1.2.2,13574
2021-04-05,1-6,ios,1.2.3,49524
2021-04-05,1-6,ios,1.2.4,1453081
2021-04-05,1-6,ios,1.2.6,87
2021-04-05,1-6,ios,1.2.7,44
2021-04-05,1-6,ios,1.2.8,<20
2021-04-05,13-30,android,1.2.0,21
2021-04-05,13-30,android,1.2.4,<20
2021-04-05,13-30,ios,1.2.1,<20
2021-04-05,13-30,ios,1.2.4,22
2021-04-05,7-12,android,1.2.0,492
2021-04-05,7-12,android,1.2.1,155
2021-04-05,7-12,android,1.2.2,182
2021-04-05,7-12,android,1.2.3,613
2021-04-05,7-12,android,1.2.4,27334
2021-04-05,7-12,android,1.2.5,6841
2021-04-05,7-12,android,1.2.6,<20
2021-04-05,7-12,android,1.2.7,<20
2021-04-05,7-12,ios,1.2.0,7099
2021-04-05,7-12,ios,1.2.1,4248
2021-04-05,7-12,ios,1.2.2,5411
2021-04-05,7-12,ios,1.2.3,19854
2021-04-05,7-12,ios,1.2.4,746470
2021-04-05,7-12,ios,1.2.6,48
2021-04-05,7-12,ios,1.2.7,31
2021-04-05,7-12,ios,1.2.8,<20
2021-04-06,1-6,android,1.2.0,3233
2021-04-06,1-6,android,1.2.1,1867
2021-04-06,1-6,android,1.2.2,2351
2021-04-06,1-6,android,1.2.3,9175
2021-04-06,1-6,android,1.2.4,467608
2021-04-06,1-6,android,1.2.5,132640
2021-04-06,1-6,android,1.2.6,2548
2021-04-06,1-6,android,1.2.7,809
2021-04-06,1-6,android,1.2.8,111
2021-04-06,1-6,ios,1.2.0,20045
2021-04-06,1-6,ios,1.2.1,10995
2021-04-06,1-6,ios,1.2.2,12907
2021-04-06,1-6,ios,1.2.3,44988
2021-04-06,1-6,ios,1.2.4,1434139
2021-04-06,1-6,ios,1.2.6,422
2021-04-06,1-6,ios,1.2.7,54
2021-04-06,1-6,ios,1.2.8,<20
2021-04-06,13-30,android,1.2.0,<20
2021-04-06,13-30,android,1.2.4,<20
2021-04-06,13-30,android,1.2.5,<20
2021-04-06,13-30,ios,1.2.0,<20
2021-04-06,13-30,ios,1.2.4,<20
2021-04-06,30+,android,1.2.0,<20
2021-04-06,30+,android,1.2.4,<20
2021-04-06,7-12,android,1.2.0,505
2021-04-06,7-12,android,1.2.1,138
2021-04-06,7-12,android,1.2.2,163
2021-04-06,7-12,android,1.2.3,582
2021-04-06,7-12,android,1.2.4,27692
2021-04-06,7-12,android,1.2.5,7187
2021-04-06,7-12,android,1.2.6,20
2021-04-06,7-12,ios,1.2.0,7140
2021-04-06,7-12,ios,1.2.1,4176
2021-04-06,7-12,ios,1.2.2,5453
2021-04-06,7-12,ios,1.2.3,19013
2021-04-06,7-12,ios,1.2.4,776634
2021-04-06,7-12,ios,1.2.6,209
2021-04-06,7-12,ios,1.2.7,31
2021-04-06,7-12,ios,1.2.8,<20
2021-04-07,1-6,android,1.2.0,3106
2021-04-07,1-6,android,1.2.1,1813
2021-04-07,1-6,android,1.2.2,2274
2021-04-07,1-6,android,1.2.3,8560
2021-04-07,1-6,android,1.2.4,346011
2021-04-07,1-6,android,1.2.5,249047
2021-04-07,1-6,android,1.2.6,14572
2021-04-07,1-6,android,1.2.7,837
2021-04-07,1-6,android,1.2.8,111
2021-04-07,1-6,ios,1.2.0,19559
2021-04-07,1-6,ios,1.2.1,10696
2021-04-07,1-6,ios,1.2.2,12313
2021-04-07,1-6,ios,1.2.3,41367
2021-04-07,1-6,ios,1.2.4,1418560
2021-04-07,1-6,ios,1.2.6,23290
2021-04-07,1-6,ios,1.2.7,46
2021-04-07,1-6,ios,1.2.8,<20
2021-04-07,13-30,android,1.2.0,26
2021-04-07,13-30,android,1.2.4,<20
2021-04-07,13-30,android,1.2.5,<20
2021-04-07,13-30,android,1.2.6,<20
2021-04-07,13-30,ios,1.2.2,<20
2021-04-07,13-30,ios,1.2.3,<20
2021-04-07,13-30,ios,1.2.4,21
2021-04-07,7-12,android,1.2.0,511
2021-04-07,7-12,android,1.2.1,134
2021-04-07,7-12,android,1.2.2,157
2021-04-07,7-12,android,1.2.3,542
2021-04-07,7-12,android,1.2.4,19363
2021-04-07,7-12,android,1.2.5,14483
2021-04-07,7-12,android,1.2.6,429
2021-04-07,7-12,android,1.2.7,<20
2021-04-07,7-12,ios,1.2.0,7050
2021-04-07,7-12,ios,1.2.1,4046
2021-04-07,7-12,ios,1.2.2,5349
2021-04-07,7-12,ios,1.2.3,17517
2021-04-07,7-12,ios,1.2.4,762030
2021-04-07,7-12,ios,1.2.6,14902
2021-04-07,7-12,ios,1.2.7,31
2021-04-07,7-12,ios,1.2.8,<20
2021-04-08,1-6,android,1.2.0,3116
2021-04-08,1-6,android,1.2.1,1860
2021-04-08,1-6,android,1.2.2,2231
2021-04-08,1-6,android,1.2.3,8083
2021-04-08,1-6,android,1.2.4,129937
2021-04-08,1-6,android,1.2.5,330350
2021-04-08,1-6,android,1.2.6,157222
2021-04-08,1-6,android,1.2.7,1084
2021-04-08,1-6,android,1.2.8,115
2021-04-08,1-6,ios,1.2.0,19060
2021-04-08,1-6,ios,1.2.1,10337
2021-04-08,1-6,ios,1.2.2,11866
2021-04-08,1-6,ios,1.2.3,37781
2021-04-08,1-6,ios,1.2.4,1012739
2021-04-08,1-6,ios,1.2.6,434671
2021-04-08,1-6,ios,1.2.7,123
2021-04-08,1-6,ios,1.2.8,<20
2021-04-08,13-30,android,1.2.0,<20
2021-04-08,13-30,android,1.2.1,<20
2021-04-08,13-30,android,1.2.4,<20
2021-04-08,13-30,android,1.2.5,<20
2021-04-08,13-30,android,1.2.6,<20
2021-04-08,13-30,ios,1.2.0,<20
2021-04-08,13-30,ios,1.2.1,<20
2021-04-08,13-30,ios,1.2.4,<20
2021-04-08,13-30,ios,1.2.6,<20
2021-04-08,7-12,android,1.2.0,456
2021-04-08,7-12,android,1.2.1,112
2021-04-08,7-12,android,1.2.2,151
2021-04-08,7-12,android,1.2.3,520
2021-04-08,7-12,android,1.2.4,4551
2021-04-08,7-12,android,1.2.5,19829
2021-04-08,7-12,android,1.2.6,9791
2021-04-08,7-12,android,1.2.7,<20
2021-04-08,7-12,ios,1.2.0,6996
2021-04-08,7-12,ios,1.2.1,3963
2021-04-08,7-12,ios,1.2.2,5125
2021-04-08,7-12,ios,1.2.3,16525
2021-04-08,7-12,ios,1.2.4,485392
2021-04-08,7-12,ios,1.2.6,291455
2021-04-08,7-12,ios,1.2.7,52
2021-04-08,7-12,ios,1.2.8,<20
2021-04-09,1-6,android,1.2.0,2989
2021-04-09,1-6,android,1.2.1,1788
2021-04-09,1-6,android,1.2.2,2167
2021-04-09,1-6,android,1.2.3,7525
2021-04-09,1-6,android,1.2.4,63519
2021-04-09,1-6,android,1.2.5,97443
2021-04-09,1-6,android,1.2.6,456700
2021-04-09,1-6,android,1.2.7,1282
2021-04-09,1-6,android,1.2.8,139
2021-04-09,1-6,ios,1.2.0,18755
2021-04-09,1-6,ios,1.2.1,10190
2021-04-09,1-6,ios,1.2.2,11411
2021-04-09,1-6,ios,1.2.3,35234
2021-04-09,1-6,ios,1.2.4,319837
2021-04-09,1-6,ios,1.2.6,1127102
2021-04-09,1-6,ios,1.2.7,147
2021-04-09,1-6,ios,1.2.8,<20
2021-04-09,13-30,android,1.2.0,<20
2021-04-09,13-30,android,1.2.4,<20
2021-04-09,13-30,android,1.2.5,<20
2021-04-09,13-30,android,1.2.6,23
2021-04-09,13-30,android,1.2.7,<20
2021-04-09,13-30,ios,1.2.0,<20
2021-04-09,13-30,ios,1.2.2,<20
2021-04-09,13-30,ios,1.2.3,<20
2021-04-09,13-30,ios,1.2.4,<20
2021-04-09,13-30,ios,1.2.6,25
2021-04-09,30+,ios,1.2.0,<20
2021-04-09,7-12,android,1.2.0,464
2021-04-09,7-12,android,1.2.1,113
2021-04-09,7-12,android,1.2.2,145
2021-04-09,7-12,android,1.2.3,511
2021-04-09,7-12,android,1.2.4,2324
2021-04-09,7-12,android,1.2.5,3400
2021-04-09,7-12,android,1.2.6,28618
2021-04-09,7-12,android,1.2.7,<20
2021-04-09,7-12,ios,1.2.0,6768
2021-04-09,7-12,ios,1.2.1,3716
2021-04-09,7-12,ios,1.2.2,4925
2021-04-09,7-12,ios,1.2.3,15291
2021-04-09,7-12,ios,1.2.4,128094
2021-04-09,7-12,ios,1.2.6,652800
2021-04-09,7-12,ios,1.2.7,57
2021-04-09,7-12,ios,1.2.8,<20
2021-04-10,1-6,android,1.2.0,2954
2021-04-10,1-6,android,1.2.1,1704
2021-04-10,1-6,android,1.2.2,2004
2021-04-10,1-6,android,1.2.3,7008
2021-04-10,1-6,android,1.2.4,33345
2021-04-10,1-6,android,1.2.5,36187
2021-04-10,1-6,android,1.2.6,546843
2021-04-10,1-6,android,1.2.7,1734
2021-04-10,1-6,android,1.2.8,146
2021-04-10,1-6,ios,1.2.0,17985
2021-04-10,1-6,ios,1.2.1,9654
2021-04-10,1-6,ios,1.2.2,10909
2021-04-10,1-6,ios,1.2.3,32751
2021-04-10,1-6,ios,1.2.4,144581
2021-04-10,1-6,ios,1.2.6,1288875
2021-04-10,1-6,ios,1.2.7,120
2021-04-10,1-6,ios,1.2.8,<20
2021-04-10,13-30,android,1.2.0,<20
2021-04-10,13-30,android,1.2.4,<20
2021-04-10,13-30,android,1.2.6,<20
2021-04-10,13-30,ios,1.2.2,<20
2021-04-10,13-30,ios,1.2.4,<20
2021-04-10,13-30,ios,1.2.6,22
2021-04-10,7-12,android,1.2.0,446
2021-04-10,7-12,android,1.2.1,120
2021-04-10,7-12,android,1.2.2,150
2021-04-10,7-12,android,1.2.3,476
2021-04-10,7-12,android,1.2.4,1422
2021-04-10,7-12,android,1.2.5,1182
2021-04-10,7-12,android,1.2.6,31685
2021-04-10,7-12,android,1.2.7,<20
2021-04-10,7-12,android,1.2.8,<20
2021-04-10,7-12,ios,1.2.0,6962
2021-04-10,7-12,ios,1.2.1,3850
2021-04-10,7-12,ios,1.2.2,4799
2021-04-10,7-12,ios,1.2.3,14464
2021-04-10,7-12,ios,1.2.4,58788
2021-04-10,7-12,ios,1.2.6,736363
2021-04-10,7-12,ios,1.2.7,75
2021-04-10,7-12,ios,1.2.8,<20
2021-04-11,1-6,android,1.2.0,2933
2021-04-11,1-6,android,1.2.1,1658
2021-04-11,1-6,android,1.2.2,1933
2021-04-11,1-6,android,1.2.3,6451
2021-04-11,1-6,android,1.2.4,18693
2021-04-11,1-6,android,1.2.5,15317
2021-04-11,1-6,android,1.2.6,584928
2021-04-11,1-6,android,1.2.7,2575
2021-04-11,1-6,android,1.2.8,174
2021-04-11,1-6,ios,1.2.0,17880
2021-04-11,1-6,ios,1.2.1,9503
2021-04-11,1-6,ios,1.2.2,10780
2021-04-11,1-6,ios,1.2.3,31268
2021-04-11,1-6,ios,1.2.4,112991
2021-04-11,1-6,ios,1.2.6,1363333
2021-04-11,1-6,ios,1.2.7,370
2021-04-11,1-6,ios,1.2.8,<20
2021-04-11,13-30,android,1.2.0,<20
2021-04-11,13-30,android,1.2.6,22
2021-04-11,13-30,ios,1.2.0,<20
2021-04-11,13-30,ios,1.2.2,<20
2021-04-11,13-30,ios,1.2.4,<20
2021-04-11,13-30,ios,1.2.6,<20
2021-04-11,30+,ios,1.2.0,<20
2021-04-11,7-12,android,1.2.0,414
2021-04-11,7-12,android,1.2.1,117
2021-04-11,7-12,android,1.2.2,133
2021-04-11,7-12,android,1.2.3,449
2021-04-11,7-12,android,1.2.4,847
2021-04-11,7-12,android,1.2.5,603
2021-04-11,7-12,android,1.2.6,32529
2021-04-11,7-12,android,1.2.7,<20
2021-04-11,7-12,ios,1.2.0,6561
2021-04-11,7-12,ios,1.2.1,3606
2021-04-11,7-12,ios,1.2.2,4348
2021-04-11,7-12,ios,1.2.3,13458
2021-04-11,7-12,ios,1.2.4,44856
2021-04-11,7-12,ios,1.2.6,710643
2021-04-11,7-12,ios,1.2.7,184
2021-04-11,7-12,ios,1.2.8,<20
2021-04-12,1-6,android,1.2.0,2927
2021-04-12,1-6,android,1.2.1,1673
2021-04-12,1-6,android,1.2.2,1959
2021-04-12,1-6,android,1.2.3,6345
2021-04-12,1-6,android,1.2.4,13444
2021-04-12,1-6,android,1.2.5,7284
2021-04-12,1-6,android,1.2.6,598418
2021-04-12,1-6,android,1.2.7,12728
2021-04-12,1-6,android,1.2.8,186
2021-04-12,1-6,ios,1.2.0,17902
2021-04-12,1-6,ios,1.2.1,9391
2021-04-12,1-6,ios,1.2.2,10494
2021-04-12,1-6,ios,1.2.3,30074
2021-04-12,1-6,ios,1.2.4,94785
2021-04-12,1-6,ios,1.2.6,1366288
2021-04-12,1-6,ios,1.2.7,20143
2021-04-12,1-6,ios,1.2.8,<20
2021-04-12,13-30,android,1.2.0,<20
2021-04-12,13-30,android,1.2.4,<20
2021-04-12,13-30,android,1.2.6,<20
2021-04-12,13-30,android,1.2.7,<20
2021-04-12,13-30,ios,1.2.4,<20
2021-04-12,13-30,ios,1.2.6,24
2021-04-12,13-30,ios,1.2.7,<20
2021-04-12,30+,android,1.2.0,<20
2021-04-12,7-12,android,1.2.0,434
2021-04-12,7-12,android,1.2.1,114
2021-04-12,7-12,android,1.2.2,134
2021-04-12,7-12,android,1.2.3,410
2021-04-12,7-12,android,1.2.4,701
2021-04-12,7-12,android,1.2.5,314
2021-04-12,7-12,android,1.2.6,33991
2021-04-12,7-12,android,1.2.7,313
2021-04-12,7-12,android,1.2.8,<20
2021-04-12,7-12,ios,1.2.0,6206
2021-04-12,7-12,ios,1.2.1,3428
2021-04-12,7-12,ios,1.2.2,4213
2021-04-12,7-12,ios,1.2.3,12667
2021-04-12,7-12,ios,1.2.4,37248
2021-04-12,7-12,ios,1.2.6,709869
2021-04-12,7-12,ios,1.2.7,11903
2021-04-12,7-12,ios,1.2.8,<20
2021-04-13,1-6,android,1.2.0,2864
2021-04-13,1-6,android,1.2.1,1599
2021-04-13,1-6,android,1.2.2,1873
2021-04-13,1-6,android,1.2.3,6013
2021-04-13,1-6,android,1.2.4,10750
2021-04-13,1-6,android,1.2.5,4491
2021-04-13,1-6,android,1.2.6,481230
2021-04-13,1-6,android,1.2.7,137489
2021-04-13,1-6,android,1.2.8,175
2021-04-13,1-6,ios,1.2.0,17429
2021-04-13,1-6,ios,1.2.1,8955
2021-04-13,1-6,ios,1.2.2,9886
2021-04-13,1-6,ios,1.2.3,28026
2021-04-13,1-6,ios,1.2.4,76133
2021-04-13,1-6,ios,1.2.6,965690
2021-04-13,1-6,ios,1.2.7,410346
2021-04-13,1-6,ios,1.2.8,<20
2021-04-13,13-30,android,1.2.0,<20
2021-04-13,13-30,android,1.2.5,<20
2021-04-13,13-30,android,1.2.6,<20
2021-04-13,13-30,android,1.2.7,<20
2021-04-13,13-30,ios,1.2.0,<20
2021-04-13,13-30,ios,1.2.3,<20
2021-04-13,13-30,ios,1.2.6,<20
2021-04-13,13-30,ios,1.2.7,<20
2021-04-13,30+,android,1.2.7,<20
2021-04-13,7-12,android,1.2.0,447
2021-04-13,7-12,android,1.2.1,119
2021-04-13,7-12,android,1.2.2,141
2021-04-13,7-12,android,1.2.3,410
2021-04-13,7-12,android,1.2.4,575
2021-04-13,7-12,android,1.2.5,210
2021-04-13,7-12,android,1.2.6,26490
2021-04-13,7-12,android,1.2.7,8767
2021-04-13,7-12,ios,1.2.0,6370
2021-04-13,7-12,ios,1.2.1,3566
2021-04-13,7-12,ios,1.2.2,4451
2021-04-13,7-12,ios,1.2.3,12524
2021-04-13,7-12,ios,1.2.4,31939
2021-04-13,7-12,ios,1.2.6,485250
2021-04-13,7-12,ios,1.2.7,275488
2021-04-13,7-12,ios,1.2.8,<20
2021-04-14,1-6,android,1.2.0,2839
2021-04-14,1-6,android,1.2.1,1585
2021-04-14,1-6,android,1.2.2,1840
2021-04-14,1-6,android,1.2.3,5616
2021-04-14,1-6,android,1.2.4,9192
2021-04-14,1-6,android,1.2.5,3378
2021-04-14,1-6,android,1.2.6,181668
2021-04-14,1-6,android,1.2.7,440465
2021-04-14,1-6,android,1.2.8,121
2021-04-14,1-6,ios,1.2.0,17153
2021-04-14,1-6,ios,1.2.1,8802
2021-04-14,1-6,ios,1.2.2,9746
2021-04-14,1-6,ios,1.2.3,26615
2021-04-14,1-6,ios,1.2.4,65066
2021-04-14,1-6,ios,1.2.6,323651
2021-04-14,1-6,ios,1.2.7,1050144
2021-04-14,1-6,ios,1.2.8,<20
2021-04-14,13-30,android,1.2.0,<20
2021-04-14,13-30,android,1.2.3,<20
2021-04-14,13-30,android,1.2.6,<20
2021-04-14,13-30,android,1.2.7,<20
2021-04-14,13-30,ios,1.2.0,<20
2021-04-14,13-30,ios,1.2.2,<20
2021-04-14,13-30,ios,1.2.6,<20
2021-04-14,13-30,ios,1.2.7,31
2021-04-14,30+,ios,1.2.3,<20
2021-04-14,7-12,android,1.2.0,436
2021-04-14,7-12,android,1.2.1,108
2021-04-14,7-12,android,1.2.2,123
2021-04-14,7-12,android,1.2.3,404
2021-04-14,7-12,android,1.2.4,522
2021-04-14,7-12,android,1.2.5,177
2021-04-14,7-12,android,1.2.6,6212
2021-04-14,7-12,android,1.2.7,28772
2021-04-14,7-12,android,1.2.8,<20
2021-04-14,7-12,ios,1.2.0,6244
2021-04-14,7-12,ios,1.2.1,3419
2021-04-14,7-12,ios,1.2.2,4189
2021-04-14,7-12,ios,1.2.3,11896
2021-04-14,7-12,ios,1.2.4,26885
2021-04-14,7-12,ios,1.2.6,134111
2021-04-14,7-12,ios,1.2.7,648709
2021-04-14,7-12,ios,1.2.8,<20
2021-04-15,1-6,android,1.2.0,2748
2021-04-15,1-6,android,1.2.1,1522
2021-04-15,1-6,android,1.2.2,1776
2021-04-15,1-6,android,1.2.3,5416
2021-04-15,1-6,android,1.2.4,8150
2021-04-15,1-6,android,1.2.5,2769
2021-04-15,1-6,android,1.2.6,79967
2021-04-15,1-6,android,1.2.7,544068
2021-04-15,1-6,android,1.2.8,120
2021-04-15,1-6,ios,1.2.0,16960
2021-04-15,1-6,ios,1.2.1,8695
2021-04-15,1-6,ios,1.2.2,9417
2021-04-15,1-6,ios,1.2.3,25551
2021-04-15,1-6,ios,1.2.4,57002
2021-04-15,1-6,ios,1.2.6,118058
2021-04-15,1-6,ios,1.2.7,1233694
2021-04-15,1-6,ios,1.2.8,<20
2021-04-15,13-30,android,1.2.0,<20
2021-04-15,13-30,android,1.2.6,<20
2021-04-15,13-30,android,1.2.7,31
2021-04-15,13-30,ios,1.2.1,<20
2021-04-15,13-30,ios,1.2.3,<20
2021-04-15,13-30,ios,1.2.6,<20
2021-04-15,13-30,ios,1.2.7,63
2021-04-15,7-12,android,1.2.0,406
2021-04-15,7-12,android,1.2.1,114
2021-04-15,7-12,android,1.2.2,137
2021-04-15,7-12,android,1.2.3,373
2021-04-15,7-12,android,1.2.4,443
2021-04-15,7-12,android,1.2.5,166
2021-04-15,7-12,android,1.2.6,2646
2021-04-15,7-12,android,1.2.7,33494
2021-04-15,7-12,android,1.2.8,<20
2021-04-15,7-12,ios,1.2.0,6081
2021-04-15,7-12,ios,1.2.1,3233
2021-04-15,7-12,ios,1.2.2,4103
2021-04-15,7-12,ios,1.2.3,11219
2021-04-15,7-12,ios,1.2.4,23837
2021-04-15,7-12,ios,1.2.6,45512
2021-04-15,7-12,ios,1.2.7,774562
2021-04-15,7-12,ios,1.2.8,<20
2021-04-16,1-6,android,1.2.0,2711
2021-04-16,1-6,android,1.2.1,1510
2021-04-16,1-6,android,1.2.2,1702
2021-04-16,1-6,android,1.2.3,5335
2021-04-16,1-6,android,1.2.4,7317
2021-04-16,1-6,android,1.2.5,2386
2021-04-16,1-6,android,1.2.6,38319
2021-04-16,1-6,android,1.2.7,588589
2021-04-16,1-6,android,1.2.8,145
2021-04-16,1-6,ios,1.2.0,16650
2021-04-16,1-6,ios,1.2.1,8411
2021-04-16,1-6,ios,1.2.2,9082
2021-04-16,1-6,ios,1.2.3,24206
2021-04-16,1-6,ios,1.2.4,50885
2021-04-16,1-6,ios,1.2.6,83176
2021-04-16,1-6,ios,1.2.7,1294641
2021-04-16,1-6,ios,1.2.8,<20
2021-04-16,13-30,android,1.2.0,<20
2021-04-16,13-30,android,1.2.5,<20
2021-04-16,13-30,android,1.2.6,<20
2021-04-16,13-30,android,1.2.7,24
2021-04-16,13-30,ios,1.2.1,<20
2021-04-16,13-30,ios,1.2.3,<20
2021-04-16,13-30,ios,1.2.6,<20
2021-04-16,13-30,ios,1.2.7,64
2021-04-16,30+,ios,1.2.7,<20
2021-04-16,7-12,android,1.2.0,429
2021-04-16,7-12,android,1.2.1,96
2021-04-16,7-12,android,1.2.2,147
2021-04-16,7-12,android,1.2.3,363
2021-04-16,7-12,android,1.2.4,438
2021-04-16,7-12,android,1.2.5,130
2021-04-16,7-12,android,1.2.6,1503
2021-04-16,7-12,android,1.2.7,34549
2021-04-16,7-12,ios,1.2.0,6016
2021-04-16,7-12,ios,1.2.1,3221
2021-04-16,7-12,ios,1.2.2,4062
2021-04-16,7-12,ios,1.2.3,10993
2021-04-16,7-12,ios,1.2.4,21589
2021-04-16,7-12,ios,1.2.6,32139
2021-04-16,7-12,ios,1.2.7,772992
2021-04-16,7-12,ios,1.2.8,<20
2021-04-17,1-6,android,1.2.0,2617
2021-04-17,1-6,android,1.2.1,1476
2021-04-17,1-6,android,1.2.2,1646
2021-04-17,1-6,android,1.2.3,4966
2021-04-17,1-6,android,1.2.4,6594
2021-04-17,1-6,android,1.2.5,2044
2021-04-17,1-6,android,1.2.6,17277
2021-04-17,1-6,android,1.2.7,605894
2021-04-17,1-6,android,1.2.8,189
2021-04-17,1-6,ios,1.2.0,15952
2021-04-17,1-6,ios,1.2.1,8241
2021-04-17,1-6,ios,1.2.2,8903
2021-04-17,1-6,ios,1.2.3,23131
2021-04-17,1-6,ios,1.2.4,46193
2021-04-17,1-6,ios,1.2.6,67153
2021-04-17,1-6,ios,1.2.7,1318915
2021-04-17,1-6,ios,1.2.8,<20
2021-04-17,13-30,android,1.2.0,25
2021-04-17,13-30,android,1.2.7,22
2021-04-17,13-30,ios,1.2.6,<20
2021-04-17,13-30,ios,1.2.7,79
2021-04-17,7-12,android,1.2.0,402
2021-04-17,7-12,android,1.2.1,87
2021-04-17,7-12,android,1.2.2,109
2021-04-17,7-12,android,1.2.3,357
2021-04-17,7-12,android,1.2.4,395
2021-04-17,7-12,android,1.2.5,122
2021-04-17,7-12,android,1.2.6,799
2021-04-17,7-12,android,1.2.7,34947
2021-04-17,7-12,android,1.2.8,<20
2021-04-17,7-12,ios,1.2.0,6185
2021-04-17,7-12,ios,1.2.1,3114
2021-04-17,7-12,ios,1.2.2,3854
2021-04-17,7-12,ios,1.2.3,10528
2021-04-17,7-12,ios,1.2.4,19309
2021-04-17,7-12,ios,1.2.6,26026
2021-04-17,7-12,ios,1.2.7,775972
2021-04-17,7-12,ios,1.2.8,<20
2021-04-18,1-6,android,1.2.0,2601
2021-04-18,1-6,android,1.2.1,1443
2021-04-18,1-6,android,1.2.2,1599
2021-04-18,1-6,android,1.2.3,4751
2021-04-18,1-6,android,1.2.4,6049
2021-04-18,1-6,android,1.2.5,1837
2021-04-18,1-6,android,1.2.6,9846
2021-04-18,1-6,android,1.2.7,618099
2021-04-18,1-6,android,1.2.8,162
2021-04-18,1-6,ios,1.2.0,15989
2021-04-18,1-6,ios,1.2.1,8147
2021-04-18,1-6,ios,1.2.2,8824
2021-04-18,1-6,ios,1.2.3,22437
2021-04-18,1-6,ios,1.2.4,42571
2021-04-18,1-6,ios,1.2.6,53166
2021-04-18,1-6,ios,1.2.7,1352581
2021-04-18,1-6,ios,1.2.8,<20
2021-04-18,13-30,android,1.2.0,22
2021-04-18,13-30,android,1.2.7,<20
2021-04-18,13-30,ios,1.2.1,<20
2021-04-18,13-30,ios,1.2.2,<20
2021-04-18,13-30,ios,1.2.4,<20
2021-04-18,13-30,ios,1.2.6,<20
2021-04-18,13-30,ios,1.2.7,82
2021-04-18,30+,ios,1.2.0,<20
2021-04-18,7-12,android,1.2.0,399
2021-04-18,7-12,android,1.2.1,89
2021-04-18,7-12,android,1.2.2,106
2021-04-18,7-12,android,1.2.3,330
2021-04-18,7-12,android,1.2.4,384
2021-04-18,7-12,android,1.2.5,104
2021-04-18,7-12,android,1.2.6,495
2021-04-18,7-12,android,1.2.7,35141
2021-04-18,7-12,android,1.2.8,<20
2021-04-18,7-12,ios,1.2.0,5804
2021-04-18,7-12,ios,1.2.1,2970
2021-04-18,7-12,ios,1.2.2,3674
2021-04-18,7-12,ios,1.2.3,9965
2021-04-18,7-12,ios,1.2.4,17617
2021-04-18,7-12,ios,1.2.6,20405
2021-04-18,7-12,ios,1.2.7,768777
2021-04-18,7-12,ios,1.2.8,<20
2021-04-19,1-6,android,1.2.0,2658
2021-04-19,1-6,android,1.2.1,1457
2021-04-19,1-6,android,1.2.2,1604
2021-04-19,1-6,android,1.2.3,4769
2021-04-19,1-6,android,1.2.4,5826
2021-04-19,1-6,android,1.2.5,1709
2021-04-19,1-6,android,1.2.6,7806
2021-04-19,1-6,android,1.2.7,628315
2021-04-19,1-6,android,1.2.8,199
2021-04-19,1-6,ios,1.2.0,16195
2021-04-19,1-6,ios,1.2.1,7926
2021-04-19,1-6,ios,1.2.2,8606
2021-04-19,1-6,ios,1.2.3,21979
2021-04-19,1-6,ios,1.2.4,39867
2021-04-19,1-6,ios,1.2.6,44286
2021-04-19,1-6,ios,1.2.7,1375961
2021-04-19,1-6,ios,1.2.8,<20
2021-04-19,13-30,android,1.2.0,<20
2021-04-19,13-30,android,1.2.4,<20
2021-04-19,13-30,android,1.2.6,<20
2021-04-19,13-30,android,1.2.7,24
2021-04-19,13-30,ios,1.2.4,<20
2021-04-19,13-30,ios,1.2.6,<20
2021-04-19,13-30,ios,1.2.7,59
2021-04-19,7-12,android,1.2.0,386
2021-04-19,7-12,android,1.2.1,94
2021-04-19,7-12,android,1.2.2,112
2021-04-19,7-12,android,1.2.3,352
2021-04-19,7-12,android,1.2.4,355
2021-04-19,7-12,android,1.2.5,107
2021-04-19,7-12,android,1.2.6,386
2021-04-19,7-12,android,1.2.7,36358
2021-04-19,7-12,android,1.2.8,<20
2021-04-19,7-12,ios,1.2.0,5454
2021-04-19,7-12,ios,1.2.1,3009
2021-04-19,7-12,ios,1.2.2,3647
2021-04-19,7-12,ios,1.2.3,9533
2021-04-19,7-12,ios,1.2.4,16183
2021-04-19,7-12,ios,1.2.6,16490
2021-04-19,7-12,ios,1.2.7,769757
2021-04-19,7-12,ios,1.2.8,<20
2021-04-20,1-6,android,1.2.0,2537
2021-04-20,1-6,android,1.2.1,1415
2021-04-20,1-6,android,1.2.2,1563
2021-04-20,1-6,android,1.2.3,4531
2021-04-20,1-6,android,1.2.4,5361
2021-04-20,1-6,android,1.2.5,1567
2021-04-20,1-6,android,1.2.6,6062
2021-04-20,1-6,android,1.2.7,630388
2021-04-20,1-6,android,1.2.8,226
2021-04-20,1-6,ios,1.2.0,15939
2021-04-20,1-6,ios,1.2.1,7865
2021-04-20,1-6,ios,1.2.2,8469
2021-04-20,1-6,ios,1.2.3,21379
2021-04-20,1-6,ios,1.2.4,36977
2021-04-20,1-6,ios,1.2.6,37682
2021-04-20,1-6,ios,1.2.7,1395510
2021-04-20,1-6,ios,1.2.8,<20
2021-04-20,13-30,android,1.2.0,26
2021-04-20,13-30,android,1.2.7,<20
2021-04-20,13-30,ios,1.2.6,<20
2021-04-20,13-30,ios,1.2.7,58
2021-04-20,7-12,android,1.2.0,409
2021-04-20,7-12,android,1.2.1,81
2021-04-20,7-12,android,1.2.2,100
2021-04-20,7-12,android,1.2.3,292
2021-04-20,7-12,android,1.2.4,289
2021-04-20,7-12,android,1.2.5,84
2021-04-20,7-12,android,1.2.6,293
2021-04-20,7-12,android,1.2.7,35875
2021-04-20,7-12,android,1.2.8,<20
2021-04-20,7-12,ios,1.2.0,5276
2021-04-20,7-12,ios,1.2.1,2816
2021-04-20,7-12,ios,1.2.2,3475
2021-04-20,7-12,ios,1.2.3,8888
2021-04-20,7-12,ios,1.2.4,14790
2021-04-20,7-12,ios,1.2.6,13328
2021-04-20,7-12,ios,1.2.7,765358
2021-04-20,7-12,ios,1.2.8,<20
2021-04-21,1-6,android,1.2.0,2523
2021-04-21,1-6,android,1.2.1,1376
2021-04-21,1-6,android,1.2.2,1481
2021-04-21,1-6,android,1.2.3,4261
2021-04-21,1-6,android,1.2.4,4945
2021-04-21,1-6,android,1.2.5,1430
2021-04-21,1-6,android,1.2.6,5046
2021-04-21,1-6,android,1.2.7,634415
2021-04-21,1-6,android,1.2.8,263
2021-04-21,1-6,ios,1.2.0,15164
2021-04-21,1-6,ios,1.2.1,7432
2021-04-21,1-6,ios,1.2.2,7786
2021-04-21,1-6,ios,1.2.3,19677
2021-04-21,1-6,ios,1.2.4,32726
2021-04-21,1-6,ios,1.2.6,31078
2021-04-21,1-6,ios,1.2.7,1344872
2021-04-21,1-6,ios,1.2.8,<20
2021-04-21,13-30,android,1.2.0,<20
2021-04-21,13-30,android,1.2.7,<20
2021-04-21,13-30,ios,1.2.0,<20
2021-04-21,13-30,ios,1.2.2,<20
2021-04-21,13-30,ios,1.2.4,<20
2021-04-21,13-30,ios,1.2.6,<20
2021-04-21,13-30,ios,1.2.7,54
2021-04-21,30+,ios,1.2.0,<20
2021-04-21,7-12,android,1.2.0,379
2021-04-21,7-12,android,1.2.1,97
2021-04-21,7-12,android,1.2.2,115
2021-04-21,7-12,android,1.2.3,309
2021-04-21,7-12,android,1.2.4,302
2021-04-21,7-12,android,1.2.5,84
2021-04-21,7-12,android,1.2.6,295
2021-04-21,7-12,android,1.2.7,35997
2021-04-21,7-12,android,1.2.8,<20
2021-04-21,7-12,ios,1.2.0,5682
2021-04-21,7-12,ios,1.2.1,3046
2021-04-21,7-12,ios,1.2.2,3767
2021-04-21,7-12,ios,1.2.3,9357
2021-04-21,7-12,ios,1.2.4,15110
2021-04-21,7-12,ios,1.2.6,12428
2021-04-21,7-12,ios,1.2.7,828789
2021-04-21,7-12,ios,1.2.8,<20
2021-04-22,1-6,android,1.2.0,2502
2021-04-22,1-6,android,1.2.1,1326
2021-04-22,1-6,android,1.2.2,1427
2021-04-22,1-6,android,1.2.3,4174
2021-04-22,1-6,android,1.2.4,4593
2021-04-22,1-6,android,1.2.5,1326
2021-04-22,1-6,android,1.2.6,4517
2021-04-22,1-6,android,1.2.7,635493
2021-04-22,1-6,android,1.2.8,342
2021-04-22,1-6,ios,1.2.0,15226
2021-04-22,1-6,ios,1.2.1,7458
2021-04-22,1-6,ios,1.2.2,7853
2021-04-22,1-6,ios,1.2.3,19187
2021-04-22,1-6,ios,1.2.4,31138
2021-04-22,1-6,ios,1.2.6,27221
2021-04-22,1-6,ios,1.2.7,1372945
2021-04-22,1-6,ios,1.2.8,<20
2021-04-22,13-30,android,1.2.0,<20
2021-04-22,13-30,android,1.2.7,20
2021-04-22,13-30,ios,1.2.2,<20
2021-04-22,13-30,ios,1.2.3,<20
2021-04-22,13-30,ios,1.2.6,<20
2021-04-22,13-30,ios,1.2.7,65
2021-04-22,7-12,android,1.2.0,404
2021-04-22,7-12,android,1.2.1,89
2021-04-22,7-12,android,1.2.2,108
2021-04-22,7-12,android,1.2.3,276
2021-04-22,7-12,android,1.2.4,297
2021-04-22,7-12,android,1.2.5,78
2021-04-22,7-12,android,1.2.6,269
2021-04-22,7-12,android,1.2.7,36949
2021-04-22,7-12,android,1.2.8,<20
2021-04-22,7-12,ios,1.2.0,5373
2021-04-22,7-12,ios,1.2.1,2792
2021-04-22,7-12,ios,1.2.2,3486
2021-04-22,7-12,ios,1.2.3,8793
2021-04-22,7-12,ios,1.2.4,13562
2021-04-22,7-12,ios,1.2.6,10899
2021-04-22,7-12,ios,1.2.7,810559
2021-04-22,7-12,ios,1.2.8,<20
2021-04-23,1-6,android,1.2.0,2443
2021-04-23,1-6,android,1.2.1,1332
2021-04-23,1-6,android,1.2.2,1438
2021-04-23,1-6,android,1.2.3,4108
2021-04-23,1-6,android,1.2.4,4433
2021-04-23,1-6,android,1.2.5,1219
2021-04-23,1-6,android,1.2.6,4050
2021-04-23,1-6,android,1.2.7,636480
2021-04-23,1-6,android,1.2.8,562
2021-04-23,1-6,ios,1.2.0,14853
2021-04-23,1-6,ios,1.2.1,7300
2021-04-23,1-6,ios,1.2.2,7659
2021-04-23,1-6,ios,1.2.3,18552
2021-04-23,1-6,ios,1.2.4,29069
2021-04-23,1-6,ios,1.2.6,24362
2021-04-23,1-6,ios,1.2.7,1380700
2021-04-23,1-6,ios,1.2.8,<20
2021-04-23,13-30,android,1.2.0,<20
2021-04-23,13-30,android,1.2.6,<20
2021-04-23,13-30,android,1.2.7,26
2021-04-23,13-30,ios,1.2.6,<20
2021-04-23,13-30,ios,1.2.7,66
2021-04-23,7-12,android,1.2.0,377
2021-04-23,7-12,android,1.2.1,88
2021-04-23,7-12,android,1.2.2,107
2021-04-23,7-12,android,1.2.3,259
2021-04-23,7-12,android,1.2.4,280
2021-04-23,7-12,android,1.2.5,73
2021-04-23,7-12,android,1.2.6,247
2021-04-23,7-12,android,1.2.7,36185
2021-04-23,7-12,android,1.2.8,<20
2021-04-23,7-12,ios,1.2.0,5415
2021-04-23,7-12,ios,1.2.1,2739
2021-04-23,7-12,ios,1.2.2,3427
2021-04-23,7-12,ios,1.2.3,8470
2021-04-23,7-12,ios,1.2.4,13010
2021-04-23,7-12,ios,1.2.6,9757
2021-04-23,7-12,ios,1.2.7,809892
2021-04-23,7-12,ios,1.2.8,<20
2021-04-24,1-6,android,1.2.0,2360
2021-04-24,1-6,android,1.2.1,1250
2021-04-24,1-6,android,1.2.2,1367
2021-04-24,1-6,android,1.2.3,3875
2021-04-24,1-6,android,1.2.4,4131
2021-04-24,1-6,android,1.2.5,1104
2021-04-24,1-6,android,1.2.6,3621
2021-04-24,1-6,android,1.2.7,631278
2021-04-24,1-6,android,1.2.8,904
2021-04-24,1-6,ios,1.2.0,14362
2021-04-24,1-6,ios,1.2.1,7121
2021-04-24,1-6,ios,1.2.2,7488
2021-04-24,1-6,ios,1.2.3,17887
2021-04-24,1-6,ios,1.2.4,27784
2021-04-24,1-6,ios,1.2.6,21997
2021-04-24,1-6,ios,1.2.7,1386499
2021-04-24,1-6,ios,1.2.8,22
2021-04-24,13-30,android,1.2.0,<20
2021-04-24,13-30,android,1.2.7,<20
2021-04-24,13-30,ios,1.2.6,<20
2021-04-24,13-30,ios,1.2.7,77
2021-04-24,7-12,android,1.2.0,363
2021-04-24,7-12,android,1.2.1,89
2021-04-24,7-12,android,1.2.2,112
2021-04-24,7-12,android,1.2.3,237
2021-04-24,7-12,android,1.2.4,259
2021-04-24,7-12,android,1.2.5,79
2021-04-24,7-12,android,1.2.6,195
2021-04-24,7-12,android,1.2.7,35206
2021-04-24,7-12,android,1.2.8,<20
2021-04-24,7-12,ios,1.2.0,5494
2021-04-24,7-12,ios,1.2.1,2687
2021-04-24,7-12,ios,1.2.2,3324
2021-04-24,7-12,ios,1.2.3,8215
2021-04-24,7-12,ios,1.2.4,12079
2021-04-24,7-12,ios,1.2.6,8807
2021-04-24,7-12,ios,1.2.7,805929
2021-04-24,7-12,ios,1.2.8,<20
2021-04-25,1-6,android,1.2.0,2340
2021-04-25,1-6,android,1.2.1,1239
2021-04-25,1-6,android,1.2.2,1338
2021-04-25,1-6,android,1.2.3,3718
2021-04-25,1-6,android,1.2.4,3930
2021-04-25,1-6,android,1.2.5,1051
2021-04-25,1-6,android,1.2.6,3298
2021-04-25,1-6,android,1.2.7,629996
2021-04-25,1-6,android,1.2.8,3484
2021-04-25,1-6,ios,1.2.0,14402
2021-04-25,1-6,ios,1.2.1,6998
2021-04-25,1-6,ios,1.2.2,7452
2021-04-25,1-6,ios,1.2.3,17449
2021-04-25,1-6,ios,1.2.4,26355
2021-04-25,1-6,ios,1.2.6,20132
2021-04-25,1-6,ios,1.2.7,1410527
2021-04-25,1-6,ios,1.2.8,383
2021-04-25,13-30,android,1.2.0,<20
2021-04-25,13-30,android,1.2.7,21
2021-04-25,13-30,ios,1.2.0,<20
2021-04-25,13-30,ios,1.2.3,<20
2021-04-25,13-30,ios,1.2.7,69
2021-04-25,7-12,android,1.2.0,350
2021-04-25,7-12,android,1.2.1,76
2021-04-25,7-12,android,1.2.2,94
2021-04-25,7-12,android,1.2.3,271
2021-04-25,7-12,android,1.2.4,243
2021-04-25,7-12,android,1.2.5,66
2021-04-25,7-12,android,1.2.6,207
2021-04-25,7-12,android,1.2.7,35299
2021-04-25,7-12,android,1.2.8,115
2021-04-25,7-12,ios,1.2.0,5243
2021-04-25,7-12,ios,1.2.1,2614
2021-04-25,7-12,ios,1.2.2,3087
2021-04-25,7-12,ios,1.2.3,7863
2021-04-25,7-12,ios,1.2.4,11442
2021-04-25,7-12,ios,1.2.6,7925
2021-04-25,7-12,ios,1.2.7,786670
2021-04-25,7-12,ios,1.2.8,120
2021-04-26,1-6,android,1.2.0,2363
2021-04-26,1-6,android,1.2.1,1256
2021-04-26,1-6,android,1.2.2,1349
2021-04-26,1-6,android,1.2.3,3723
2021-04-26,1-6,android,1.2.4,3919
2021-04-26,1-6,android,1.2.5,1008
2021-04-26,1-6,android,1.2.6,3050
2021-04-26,1-6,android,1.2.7,555310
2021-04-26,1-6,android,1.2.8,84182
2021-04-26,1-6,ios,1.2.0,14610
2021-04-26,1-6,ios,1.2.1,6844
2021-04-26,1-6,ios,1.2.2,7266
2021-04-26,1-6,ios,1.2.3,17193
2021-04-26,1-6,ios,1.2.4,25510
2021-04-26,1-6,ios,1.2.6,18812
2021-04-26,1-6,ios,1.2.7,1381918
2021-04-26,1-6,ios,1.2.8,34566
2021-04-26,13-30,android,1.2.0,<20
2021-04-26,13-30,android,1.2.7,<20
2021-04-26,13-30,android,1.2.8,<20
2021-04-26,13-30,ios,1.2.2,<20
2021-04-26,13-30,ios,1.2.4,<20
2021-04-26,13-30,ios,1.2.7,69
2021-04-26,13-30,ios,1.2.8,<20
2021-04-26,7-12,android,1.2.0,372
2021-04-26,7-12,android,1.2.1,86
2021-04-26,7-12,android,1.2.2,89
2021-04-26,7-12,android,1.2.3,234
2021-04-26,7-12,android,1.2.4,240
2021-04-26,7-12,android,1.2.5,73
2021-04-26,7-12,android,1.2.6,192
2021-04-26,7-12,android,1.2.7,32140
2021-04-26,7-12,android,1.2.8,4623
2021-04-26,7-12,ios,1.2.0,4888
2021-04-26,7-12,ios,1.2.1,2635
2021-04-26,7-12,ios,1.2.2,3075
2021-04-26,7-12,ios,1.2.3,7540
2021-04-26,7-12,ios,1.2.4,10732
2021-04-26,7-12,ios,1.2.6,7067
2021-04-26,7-12,ios,1.2.7,765426
2021-04-26,7-12,ios,1.2.8,24320
2021-04-27,1-6,android,1.2.0,2320
2021-04-27,1-6,android,1.2.1,1210
2021-04-27,1-6,android,1.2.2,1323
2021-04-27,1-6,android,1.2.3,3661
2021-04-27,1-6,android,1.2.4,3755
2021-04-27,1-6,android,1.2.5,1002
2021-04-27,1-6,android,1.2.6,2905
2021-04-27,1-6,android,1.2.7,251298
2021-04-27,1-6,android,1.2.8,375119
2021-04-27,1-6,ios,1.2.0,14056
2021-04-27,1-6,ios,1.2.1,6701
2021-04-27,1-6,ios,1.2.2,6938
2021-04-27,1-6,ios,1.2.3,16276
2021-04-27,1-6,ios,1.2.4,23710
2021-04-27,1-6,ios,1.2.6,16779
2021-04-27,1-6,ios,1.2.7,613038
2021-04-27,1-6,ios,1.2.8,653988
2021-04-27,13-30,android,1.2.0,<20
2021-04-27,13-30,android,1.2.7,<20
2021-04-27,13-30,android,1.2.8,92
2021-04-27,13-30,ios,1.2.0,<20
2021-04-27,13-30,ios,1.2.6,<20
2021-04-27,13-30,ios,1.2.7,24
2021-04-27,13-30,ios,1.2.8,384
2021-04-27,7-12,android,1.2.0,368
2021-04-27,7-12,android,1.2.1,87
2021-04-27,7-12,android,1.2.2,93
2021-04-27,7-12,android,1.2.3,236
2021-04-27,7-12,android,1.2.4,248
2021-04-27,7-12,android,1.2.5,62
2021-04-27,7-12,android,1.2.6,182
2021-04-27,7-12,android,1.2.7,10149
2021-04-27,7-12,android,1.2.8,40360
2021-04-27,7-12,ios,1.2.0,5167
2021-04-27,7-12,ios,1.2.1,2635
2021-04-27,7-12,ios,1.2.2,3208
2021-04-27,7-12,ios,1.2.3,7831
2021-04-27,7-12,ios,1.2.4,10856
2021-04-27,7-12,ios,1.2.6,6942
2021-04-27,7-12,ios,1.2.7,357865
2021-04-27,7-12,ios,1.2.8,586769
2021-04-28,1-6,android,1.2.0,2356
2021-04-28,1-6,android,1.2.1,1199
2021-04-28,1-6,android,1.2.2,1267
2021-04-28,1-6,android,1.2.3,3557
2021-04-28,1-6,android,1.2.4,3600
2021-04-28,1-6,android,1.2.5,944
2021-04-28,1-6,android,1.2.6,2713
2021-04-28,1-6,android,1.2.7,102868
2021-04-28,1-6,android,1.2.8,506072
2021-04-28,1-6,ios,1.2.0,13994
2021-04-28,1-6,ios,1.2.1,6605
2021-04-28,1-6,ios,1.2.2,6826
2021-04-28,1-6,ios,1.2.3,15939
2021-04-28,1-6,ios,1.2.4,22846
2021-04-28,1-6,ios,1.2.6,15613
2021-04-28,1-6,ios,1.2.7,194345
2021-04-28,1-6,ios,1.2.8,483560
2021-04-28,13-30,android,1.2.0,<20
2021-04-28,13-30,android,1.2.7,<20
2021-04-28,13-30,android,1.2.8,225
2021-04-28,13-30,ios,1.2.7,<20
2021-04-28,13-30,ios,1.2.8,4417
2021-04-28,7-12,android,1.2.0,324
2021-04-28,7-12,android,1.2.1,100
2021-04-28,7-12,android,1.2.2,110
2021-04-28,7-12,android,1.2.3,222
2021-04-28,7-12,android,1.2.4,219
2021-04-28,7-12,android,1.2.5,61
2021-04-28,7-12,android,1.2.6,165
2021-04-28,7-12,android,1.2.7,3538
2021-04-28,7-12,android,1.2.8,64621
2021-04-28,7-12,ios,1.2.0,4992
2021-04-28,7-12,ios,1.2.1,2550
2021-04-28,7-12,ios,1.2.2,3139
2021-04-28,7-12,ios,1.2.3,7502
2021-04-28,7-12,ios,1.2.4,10101
2021-04-28,7-12,ios,1.2.6,6360
2021-04-28,7-12,ios,1.2.7,88449
2021-04-28,7-12,ios,1.2.8,1447881
2021-04-29,1-6,android,1.2.0,2204
2021-04-29,1-6,android,1.2.1,1176
2021-04-29,1-6,android,1.2.2,1293
2021-04-29,1-6,android,1.2.3,3425
2021-04-29,1-6,android,1.2.4,3458
2021-04-29,1-6,android,1.2.5,928
2021-04-29,1-6,android,1.2.6,2534
2021-04-29,1-6,android,1.2.7,49452
2021-04-29,1-6,android,1.2.8,554169
2021-04-29,1-6,ios,1.2.0,13674
2021-04-29,1-6,ios,1.2.1,6519
2021-04-29,1-6,ios,1.2.2,6663
2021-04-29,1-6,ios,1.2.3,15565
2021-04-29,1-6,ios,1.2.4,21633
2021-04-29,1-6,ios,1.2.6,14558
2021-04-29,1-6,ios,1.2.7,122134
2021-04-29,1-6,ios,1.2.8,360087
2021-04-29,13-30,android,1.2.0,<20
2021-04-29,13-30,android,1.2.8,263
2021-04-29,13-30,ios,1.2.6,<20
2021-04-29,13-30,ios,1.2.7,<20
2021-04-29,13-30,ios,1.2.8,6028
2021-04-29,7-12,android,1.2.0,377
2021-04-29,7-12,android,1.2.1,84
2021-04-29,7-12,android,1.2.2,84
2021-04-29,7-12,android,1.2.3,246
2021-04-29,7-12,android,1.2.4,234
2021-04-29,7-12,android,1.2.5,67
2021-04-29,7-12,android,1.2.6,151
2021-04-29,7-12,android,1.2.7,2001
2021-04-29,7-12,android,1.2.8,70650
2021-04-29,7-12,ios,1.2.0,5017
2021-04-29,7-12,ios,1.2.1,2492
2021-04-29,7-12,ios,1.2.2,3057
2021-04-29,7-12,ios,1.2.3,7221
2021-04-29,7-12,ios,1.2.4,9873
2021-04-29,7-12,ios,1.2.6,5926
2021-04-29,7-12,ios,1.2.7,54242
2021-04-29,7-12,ios,1.2.8,1680563
2021-04-30,1-6,android,1.2.0,2185
2021-04-30,1-6,android,1.2.1,1120
2021-04-30,1-6,android,1.2.2,1309
2021-04-30,1-6,android,1.2.3,3362
2021-04-30,1-6,android,1.2.4,3342
2021-04-30,1-6,android,1.2.5,829
2021-04-30,1-6,android,1.2.6,2401
2021-04-30,1-6,android,1.2.7,25410
2021-04-30,1-6,android,1.2.8,576964
2021-04-30,1-6,ios,1.2.0,13547
2021-04-30,1-6,ios,1.2.1,6331
2021-04-30,1-6,ios,1.2.2,6565
2021-04-30,1-6,ios,1.2.3,15068
2021-04-30,1-6,ios,1.2.4,20703
2021-04-30,1-6,ios,1.2.6,13626
2021-04-30,1-6,ios,1.2.7,102496
2021-04-30,1-6,ios,1.2.8,345535
2021-04-30,13-30,android,1.2.0,<20
2021-04-30,13-30,android,1.2.1,<20
2021-04-30,13-30,android,1.2.7,<20
2021-04-30,13-30,android,1.2.8,233
2021-04-30,13-30,ios,1.2.1,<20
2021-04-30,13-30,ios,1.2.4,<20
2021-04-30,13-30,ios,1.2.6,<20
2021-04-30,13-30,ios,1.2.7,<20
2021-04-30,13-30,ios,1.2.8,6223
2021-04-30,7-12,android,1.2.0,318
2021-04-30,7-12,android,1.2.1,87
2021-04-30,7-12,android,1.2.2,83
2021-04-30,7-12,android,1.2.3,226
2021-04-30,7-12,android,1.2.4,213
2021-04-30,7-12,android,1.2.5,71
2021-04-30,7-12,android,1.2.6,145
2021-04-30,7-12,android,1.2.7,1115
2021-04-30,7-12,android,1.2.8,73686
2021-04-30,7-12,ios,1.2.0,4825
2021-04-30,7-12,ios,1.2.1,2488
2021-04-30,7-12,ios,1.2.2,2972
2021-04-30,7-12,ios,1.2.3,7089
2021-04-30,7-12,ios,1.2.4,9578
2021-04-30,7-12,ios,1.2.6,5637
2021-04-30,7-12,ios,1.2.7,45876
2021-04-30,7-12,ios,1.2.8,1724646
2021-05-01,1-6,android,1.2.0,1658
2021-05-01,1-6,android,1.2.1,1086
2021-05-01,1-6,android,1.2.2,1193
2021-05-01,1-6,android,1.2.3,3248
2021-05-01,1-6,android,1.2.4,3056
2021-05-01,1-6,android,1.2.5,762
2021-05-01,1-6,android,1.2.6,2179
2021-05-01,1-6,android,1.2.7,16624
2021-05-01,1-6,android,1.2.8,572486
2021-05-01,1-6,ios,1.2.0,11173
2021-05-01,1-6,ios,1.2.1,6138
2021-05-01,1-6,ios,1.2.2,6257
2021-05-01,1-6,ios,1.2.3,14380
2021-05-01,1-6,ios,1.2.4,19395
2021-05-01,1-6,ios,1.2.6,12472
2021-05-01,1-6,ios,1.2.7,83907
2021-05-01,1-6,ios,1.2.8,352186
2021-05-01,13-30,android,1.2.0,<20
2021-05-01,13-30,android,1.2.7,<20
2021-05-01,13-30,android,1.2.8,276
2021-05-01,13-30,android,1.2.9,<20
2021-05-01,13-30,ios,1.2.2,<20
2021-05-01,13-30,ios,1.2.7,<20
2021-05-01,13-30,ios,1.2.8,6275
2021-05-01,7-12,android,1.2.0,266
2021-05-01,7-12,android,1.2.1,79
2021-05-01,7-12,android,1.2.2,92
2021-05-01,7-12,android,1.2.3,199
2021-05-01,7-12,android,1.2.4,210
2021-05-01,7-12,android,1.2.5,52
2021-05-01,7-12,android,1.2.6,155
2021-05-01,7-12,android,1.2.7,855
2021-05-01,7-12,android,1.2.8,74164
2021-05-01,7-12,ios,1.2.0,4283
2021-05-01,7-12,ios,1.2.1,2340
2021-05-01,7-12,ios,1.2.2,2941
2021-05-01,7-12,ios,1.2.3,6852
2021-05-01,7-12,ios,1.2.4,9140
2021-05-01,7-12,ios,1.2.6,5345
2021-05-01,7-12,ios,1.2.7,38172
2021-05-01,7-12,ios,1.2.8,1740602
