date,count
2021-02-25,181
2021-02-26,181
2021-02-27,180
2021-02-28,153
2021-03-01,166
2021-03-02,199
2021-03-03,205
2021-03-04,192
2021-03-05,219
2021-03-06,184
2021-03-07,157
2021-03-08,179
2021-03-09,232
2021-03-10,226
2021-03-11,239
2021-03-12,230
2021-03-13,208
2021-03-14,194
2021-03-15,203
2021-03-16,206
2021-03-17,258
2021-03-18,241
2021-03-19,209
2021-03-20,226
2021-03-21,265
2021-03-22,289
2021-03-23,252
2021-03-24,288
2021-03-25,313
2021-03-26,288
2021-03-27,270
2021-03-28,296
2021-03-29,355
2021-03-30,387
2021-03-31,420
2021-04-01,387
2021-04-02,434
2021-04-03,503
2021-04-04,407
2021-04-05,464
2021-04-06,471
2021-04-07,491
2021-04-08,1001
2021-04-09,1388
2021-04-10,1458
2021-04-11,1434
2021-04-12,1467
2021-04-13,1517
2021-04-14,1603
2021-04-15,1468
2021-04-16,1628
2021-04-17,1441
2021-04-18,1567
2021-04-19,1426
2021-04-20,1256
2021-04-21,1426
2021-04-22,1351
2021-04-23,1308
2021-04-24,1164
2021-04-25,1171
2021-04-26,1286
2021-04-27,1386
2021-04-28,1447
2021-04-29,1375
