date,number_of_checks-no_verification,os-se,app_version-version_appli,count-nombre
2021-02-28,1-6,android,1.2.0,2788
2021-02-28,1-6,android,1.2.1,5866
2021-02-28,1-6,android,1.2.2,9120
2021-02-28,1-6,android,1.2.3,3305
2021-02-28,1-6,android,1.2.4,1045
2021-02-28,1-6,android,1.2.5,161
2021-02-28,1-6,android,1.2.6,318
2021-02-28,1-6,android,1.2.7,491
2021-02-28,1-6,android,1.2.8,529
2021-02-28,1-6,android,1.2.9,624
2021-02-28,1-6,android,1.4.2,47
2021-02-28,1-6,android,1.4.3,82
2021-02-28,1-6,android,1.4.4,<20
2021-02-28,1-6,android,1.4.5,<20
2021-02-28,1-6,android,1.4.6,43
2021-02-28,1-6,android,1.5.2,<20
2021-02-28,1-6,android,1.5.3,98
2021-02-28,1-6,ios,1.2.0,2007
2021-02-28,1-6,ios,1.2.1,516
2021-02-28,1-6,ios,1.2.2,354
2021-02-28,1-6,ios,1.2.3,285
2021-02-28,1-6,ios,1.2.4,153
2021-02-28,1-6,ios,1.2.6,59
2021-02-28,1-6,ios,1.2.7,93
2021-02-28,1-6,ios,1.2.8,108
2021-02-28,1-6,ios,1.2.9,<20
2021-02-28,1-6,ios,1.4.0,37
2021-02-28,1-6,ios,1.4.1,41
2021-02-28,1-6,ios,1.4.4,32
2021-02-28,1-6,ios,1.4.5,<20
2021-02-28,1-6,ios,1.4.6,32
2021-02-28,1-6,ios,1.5.2,<20
2021-02-28,1-6,ios,1.5.3,37
2021-02-28,1-6,ios,1.5.4,83
2021-02-28,13-30,android,1.2.0,29
2021-02-28,13-30,android,1.2.1,20
2021-02-28,13-30,android,1.2.2,23
2021-02-28,13-30,android,1.2.3,<20
2021-02-28,13-30,android,1.2.4,<20
2021-02-28,13-30,android,1.2.6,<20
2021-02-28,13-30,android,1.2.7,<20
2021-02-28,13-30,android,1.2.8,<20
2021-02-28,13-30,android,1.2.9,<20
2021-02-28,13-30,android,1.4.3,<20
2021-02-28,13-30,android,1.4.6,<20
2021-02-28,13-30,android,1.5.3,<20
2021-02-28,13-30,ios,1.2.0,<20
2021-02-28,30+,android,1.2.0,<20
2021-02-28,7-12,android,1.2.0,325
2021-02-28,7-12,android,1.2.1,464
2021-02-28,7-12,android,1.2.2,654
2021-02-28,7-12,android,1.2.3,264
2021-02-28,7-12,android,1.2.4,88
2021-02-28,7-12,android,1.2.5,<20
2021-02-28,7-12,android,1.2.6,34
2021-02-28,7-12,android,1.2.7,35
2021-02-28,7-12,android,1.2.8,55
2021-02-28,7-12,android,1.2.9,64
2021-02-28,7-12,android,1.4.2,<20
2021-02-28,7-12,android,1.4.3,<20
2021-02-28,7-12,android,1.4.4,<20
2021-02-28,7-12,android,1.4.5,<20
2021-02-28,7-12,android,1.4.6,<20
2021-02-28,7-12,android,1.5.3,<20
2021-02-28,7-12,ios,1.2.0,538
2021-02-28,7-12,ios,1.2.1,140
2021-02-28,7-12,ios,1.2.2,131
2021-02-28,7-12,ios,1.2.3,111
2021-02-28,7-12,ios,1.2.4,61
2021-02-28,7-12,ios,1.2.6,30
2021-02-28,7-12,ios,1.2.7,39
2021-02-28,7-12,ios,1.2.8,35
2021-02-28,7-12,ios,1.2.9,<20
2021-02-28,7-12,ios,1.4.0,<20
2021-02-28,7-12,ios,1.4.1,22
2021-02-28,7-12,ios,1.4.4,<20
2021-02-28,7-12,ios,1.4.5,<20
2021-02-28,7-12,ios,1.4.6,<20
2021-02-28,7-12,ios,1.5.2,<20
2021-02-28,7-12,ios,1.5.3,<20
2021-02-28,7-12,ios,1.5.4,29
2021-03-31,1-6,android,1.2.0,170503
2021-03-31,1-6,android,1.2.1,1424711
2021-03-31,1-6,android,1.2.2,3849423
2021-03-31,1-6,android,1.2.3,7901119
2021-03-31,1-6,android,1.2.4,2201215
2021-03-31,1-6,android,1.2.5,5572
2021-03-31,1-6,android,1.2.6,3439
2021-03-31,1-6,android,1.2.7,3455
2021-03-31,1-6,android,1.2.8,2173
2021-03-31,1-6,android,1.2.9,2147
2021-03-31,1-6,android,1.4.2,160
2021-03-31,1-6,android,1.4.3,160
2021-03-31,1-6,android,1.4.4,206
2021-03-31,1-6,android,1.4.5,42
2021-03-31,1-6,android,1.4.6,105
2021-03-31,1-6,android,1.5.2,27
2021-03-31,1-6,android,1.5.3,555
2021-03-31,1-6,ios,1.2.0,1151792
2021-03-31,1-6,ios,1.2.1,4681380
2021-03-31,1-6,ios,1.2.2,11118573
2021-03-31,1-6,ios,1.2.3,20739966
2021-03-31,1-6,ios,1.2.4,5558202
2021-03-31,1-6,ios,1.2.5,<20
2021-03-31,1-6,ios,1.2.6,413
2021-03-31,1-6,ios,1.2.7,529
2021-03-31,1-6,ios,1.2.8,487
2021-03-31,1-6,ios,1.2.9,39
2021-03-31,1-6,ios,1.4.0,153
2021-03-31,1-6,ios,1.4.1,190
2021-03-31,1-6,ios,1.4.4,97
2021-03-31,1-6,ios,1.4.5,46
2021-03-31,1-6,ios,1.4.6,2169
2021-03-31,1-6,ios,1.5.2,<20
2021-03-31,1-6,ios,1.5.3,101
2021-03-31,1-6,ios,1.5.4,330
2021-03-31,13-30,android,1.2.0,1079
2021-03-31,13-30,android,1.2.1,165
2021-03-31,13-30,android,1.2.2,255
2021-03-31,13-30,android,1.2.3,302
2021-03-31,13-30,android,1.2.4,90
2021-03-31,13-30,android,1.2.5,<20
2021-03-31,13-30,android,1.2.8,<20
2021-03-31,13-30,android,1.2.9,<20
2021-03-31,13-30,android,1.5.3,<20
2021-03-31,13-30,ios,1.2.0,64
2021-03-31,13-30,ios,1.2.1,43
2021-03-31,13-30,ios,1.2.2,255
2021-03-31,13-30,ios,1.2.3,432
2021-03-31,13-30,ios,1.2.4,127
2021-03-31,13-30,ios,1.2.8,<20
2021-03-31,30+,android,1.2.0,<20
2021-03-31,30+,android,1.2.1,<20
2021-03-31,30+,android,1.2.2,<20
2021-03-31,30+,android,1.2.3,<20
2021-03-31,30+,android,1.2.4,<20
2021-03-31,30+,ios,1.2.0,25
2021-03-31,30+,ios,1.2.1,<20
2021-03-31,30+,ios,1.2.2,<20
2021-03-31,30+,ios,1.2.3,<20
2021-03-31,30+,ios,1.2.4,<20
2021-03-31,7-12,android,1.2.0,25929
2021-03-31,7-12,android,1.2.1,85217
2021-03-31,7-12,android,1.2.2,240898
2021-03-31,7-12,android,1.2.3,479544
2021-03-31,7-12,android,1.2.4,135807
2021-03-31,7-12,android,1.2.5,87
2021-03-31,7-12,android,1.2.6,32
2021-03-31,7-12,android,1.2.7,66
2021-03-31,7-12,android,1.2.8,<20
2021-03-31,7-12,android,1.2.9,23
2021-03-31,7-12,android,1.4.3,<20
2021-03-31,7-12,android,1.4.6,<20
2021-03-31,7-12,android,1.5.3,47
2021-03-31,7-12,ios,1.2.0,372270
2021-03-31,7-12,ios,1.2.1,1830681
2021-03-31,7-12,ios,1.2.2,4964528
2021-03-31,7-12,ios,1.2.3,10600509
2021-03-31,7-12,ios,1.2.4,3130323
2021-03-31,7-12,ios,1.2.5,<20
2021-03-31,7-12,ios,1.2.6,245
2021-03-31,7-12,ios,1.2.7,387
2021-03-31,7-12,ios,1.2.8,373
2021-03-31,7-12,ios,1.2.9,23
2021-03-31,7-12,ios,1.4.0,123
2021-03-31,7-12,ios,1.4.1,117
2021-03-31,7-12,ios,1.4.4,47
2021-03-31,7-12,ios,1.4.5,20
2021-03-31,7-12,ios,1.4.6,70
2021-03-31,7-12,ios,1.5.2,<20
2021-03-31,7-12,ios,1.5.3,58
2021-03-31,7-12,ios,1.5.4,140
2021-04-30,1-6,android,1.2.0,84546
2021-04-30,1-6,android,1.2.1,47405
2021-04-30,1-6,android,1.2.2,55413
2021-04-30,1-6,android,1.2.3,194734
2021-04-30,1-6,android,1.2.4,3645154
2021-04-30,1-6,android,1.2.5,1353540
2021-04-30,1-6,android,1.2.6,3221407
2021-04-30,1-6,android,1.2.7,8369686
2021-04-30,1-6,android,1.2.8,2117134
2021-04-30,1-6,android,1.2.9,6641
2021-04-30,1-6,android,1.4.2,422
2021-04-30,1-6,android,1.4.3,416
2021-04-30,1-6,android,1.4.4,289
2021-04-30,1-6,android,1.4.5,103
2021-04-30,1-6,android,1.4.6,209
2021-04-30,1-6,android,1.5.2,52
2021-04-30,1-6,android,1.5.3,2325
2021-04-30,1-6,ios,1.2.0,514164
2021-04-30,1-6,ios,1.2.1,268294
2021-04-30,1-6,ios,1.2.2,299774
2021-04-30,1-6,ios,1.2.3,930429
2021-04-30,1-6,ios,1.2.4,12334220
2021-04-30,1-6,ios,1.2.5,<20
2021-04-30,1-6,ios,1.2.6,7501927
2021-04-30,1-6,ios,1.2.7,18762756
2021-04-30,1-6,ios,1.2.8,1878985
2021-04-30,1-6,ios,1.2.9,31
2021-04-30,1-6,ios,1.4.0,164
2021-04-30,1-6,ios,1.4.1,125
2021-04-30,1-6,ios,1.4.4,85
2021-04-30,1-6,ios,1.4.5,24
2021-04-30,1-6,ios,1.4.6,6072
2021-04-30,1-6,ios,1.5.2,25
2021-04-30,1-6,ios,1.5.3,139
2021-04-30,1-6,ios,1.5.4,678
2021-04-30,13-30,android,1.2.0,524
2021-04-30,13-30,android,1.2.1,<20
2021-04-30,13-30,android,1.2.2,<20
2021-04-30,13-30,android,1.2.3,<20
2021-04-30,13-30,android,1.2.4,132
2021-04-30,13-30,android,1.2.5,32
2021-04-30,13-30,android,1.2.6,114
2021-04-30,13-30,android,1.2.7,285
2021-04-30,13-30,android,1.2.8,817
2021-04-30,13-30,android,1.5.3,<20
2021-04-30,13-30,ios,1.2.0,<20
2021-04-30,13-30,ios,1.2.1,<20
2021-04-30,13-30,ios,1.2.2,<20
2021-04-30,13-30,ios,1.2.3,<20
2021-04-30,13-30,ios,1.2.4,178
2021-04-30,13-30,ios,1.2.6,129
2021-04-30,13-30,ios,1.2.7,889
2021-04-30,13-30,ios,1.2.8,17057
2021-04-30,30+,android,1.2.0,<20
2021-04-30,30+,android,1.2.4,<20
2021-04-30,30+,android,1.2.7,<20
2021-04-30,30+,ios,1.2.0,<20
2021-04-30,30+,ios,1.2.3,<20
2021-04-30,30+,ios,1.2.7,<20
2021-04-30,7-12,android,1.2.0,12857
2021-04-30,7-12,android,1.2.1,3319
2021-04-30,7-12,android,1.2.2,3914
2021-04-30,7-12,android,1.2.3,12559
2021-04-30,7-12,android,1.2.4,205956
2021-04-30,7-12,android,1.2.5,76164
2021-04-30,7-12,android,1.2.6,177948
2021-04-30,7-12,android,1.2.7,476865
2021-04-30,7-12,android,1.2.8,254146
2021-04-30,7-12,android,1.2.9,38
2021-04-30,7-12,android,1.4.2,<20
2021-04-30,7-12,android,1.4.3,<20
2021-04-30,7-12,android,1.4.4,<20
2021-04-30,7-12,android,1.4.5,<20
2021-04-30,7-12,android,1.4.6,<20
2021-04-30,7-12,android,1.5.3,73
2021-04-30,7-12,ios,1.2.0,185987
2021-04-30,7-12,ios,1.2.1,101380
2021-04-30,7-12,ios,1.2.2,128451
2021-04-30,7-12,ios,1.2.3,401226
2021-04-30,7-12,ios,1.2.4,6344466
2021-04-30,7-12,ios,1.2.6,3971492
2021-04-30,7-12,ios,1.2.7,10917824
2021-04-30,7-12,ios,1.2.8,5464727
2021-04-30,7-12,ios,1.2.9,<20
2021-04-30,7-12,ios,1.4.0,89
2021-04-30,7-12,ios,1.4.1,81
2021-04-30,7-12,ios,1.4.4,53
2021-04-30,7-12,ios,1.4.5,<20
2021-04-30,7-12,ios,1.4.6,523
2021-04-30,7-12,ios,1.5.2,<20
2021-04-30,7-12,ios,1.5.3,47
2021-04-30,7-12,ios,1.5.4,212
2021-05-31,1-6,android,1.2.0,61874
2021-05-31,1-6,android,1.2.1,29923
2021-05-31,1-6,android,1.2.2,32653
2021-05-31,1-6,android,1.2.3,82216
2021-05-31,1-6,android,1.2.4,71048
2021-05-31,1-6,android,1.2.5,17261
2021-05-31,1-6,android,1.2.6,44163
2021-05-31,1-6,android,1.2.7,188348
2021-05-31,1-6,android,1.2.8,12216667
2021-05-31,1-6,android,1.2.9,6353793
2021-05-31,1-6,android,1.3.0,144
2021-05-31,1-6,android,1.4.2,3196
2021-05-31,1-6,android,1.4.3,1997
2021-05-31,1-6,android,1.4.4,578
2021-05-31,1-6,android,1.4.5,289
2021-05-31,1-6,android,1.4.6,722
2021-05-31,1-6,android,1.5.2,108
2021-05-31,1-6,android,1.5.3,21436
2021-05-31,1-6,ios,1.2.0,353140
2021-05-31,1-6,ios,1.2.1,158076
2021-05-31,1-6,ios,1.2.2,160285
2021-05-31,1-6,ios,1.2.3,344877
2021-05-31,1-6,ios,1.2.4,419953
2021-05-31,1-6,ios,1.2.6,236736
2021-05-31,1-6,ios,1.2.7,941515
2021-05-31,1-6,ios,1.2.8,8113617
2021-05-31,1-6,ios,1.2.9,777871
2021-05-31,1-6,ios,1.2.10,<20
2021-05-31,1-6,ios,1.4.0,3332682
2021-05-31,1-6,ios,1.4.1,422
2021-05-31,1-6,ios,1.4.4,126
2021-05-31,1-6,ios,1.4.5,36
2021-05-31,1-6,ios,1.4.6,890
2021-05-31,1-6,ios,1.5.2,52
2021-05-31,1-6,ios,1.5.3,185
2021-05-31,1-6,ios,1.5.4,1150
2021-05-31,13-30,android,1.2.0,383
2021-05-31,13-30,android,1.2.1,<20
2021-05-31,13-30,android,1.2.3,<20
2021-05-31,13-30,android,1.2.6,<20
2021-05-31,13-30,android,1.2.7,<20
2021-05-31,13-30,android,1.2.8,4826
2021-05-31,13-30,android,1.2.9,1956
2021-05-31,13-30,android,1.3.0,<20
2021-05-31,13-30,android,1.5.3,42
2021-05-31,13-30,ios,1.2.0,<20
2021-05-31,13-30,ios,1.2.1,<20
2021-05-31,13-30,ios,1.2.2,<20
2021-05-31,13-30,ios,1.2.3,<20
2021-05-31,13-30,ios,1.2.4,<20
2021-05-31,13-30,ios,1.2.6,<20
2021-05-31,13-30,ios,1.2.7,33
2021-05-31,13-30,ios,1.2.8,132845
2021-05-31,13-30,ios,1.2.9,10924
2021-05-31,13-30,ios,1.4.0,44731
2021-05-31,13-30,ios,1.4.1,27
2021-05-31,13-30,ios,1.4.4,<20
2021-05-31,13-30,ios,1.4.5,<20
2021-05-31,13-30,ios,1.4.6,<20
2021-05-31,13-30,ios,1.5.2,<20
2021-05-31,13-30,ios,1.5.3,<20
2021-05-31,13-30,ios,1.5.4,33
2021-05-31,30+,android,1.2.0,<20
2021-05-31,30+,ios,1.2.0,<20
2021-05-31,30+,ios,1.2.8,<20
2021-05-31,30+,ios,1.2.9,<20
2021-05-31,7-12,android,1.2.0,9003
2021-05-31,7-12,android,1.2.1,2136
2021-05-31,7-12,android,1.2.2,2173
2021-05-31,7-12,android,1.2.3,5112
2021-05-31,7-12,android,1.2.4,4534
2021-05-31,7-12,android,1.2.5,1265
2021-05-31,7-12,android,1.2.6,2921
2021-05-31,7-12,android,1.2.7,11553
2021-05-31,7-12,android,1.2.8,1502719
2021-05-31,7-12,android,1.2.9,745718
2021-05-31,7-12,android,1.3.0,<20
2021-05-31,7-12,android,1.4.2,32
2021-05-31,7-12,android,1.4.3,20
2021-05-31,7-12,android,1.4.4,<20
2021-05-31,7-12,android,1.4.5,<20
2021-05-31,7-12,android,1.4.6,<20
2021-05-31,7-12,android,1.5.2,<20
2021-05-31,7-12,android,1.5.3,2055
2021-05-31,7-12,ios,1.2.0,126561
2021-05-31,7-12,ios,1.2.1,58922
2021-05-31,7-12,ios,1.2.2,71132
2021-05-31,7-12,ios,1.2.3,160560
2021-05-31,7-12,ios,1.2.4,193123
2021-05-31,7-12,ios,1.2.6,101139
2021-05-31,7-12,ios,1.2.7,439922
2021-05-31,7-12,ios,1.2.8,37536086
2021-05-31,7-12,ios,1.2.9,3159243
2021-05-31,7-12,ios,1.2.10,<20
2021-05-31,7-12,ios,1.4.0,14341990
2021-05-31,7-12,ios,1.4.1,633
2021-05-31,7-12,ios,1.4.4,148
2021-05-31,7-12,ios,1.4.5,61
2021-05-31,7-12,ios,1.4.6,156
2021-05-31,7-12,ios,1.5.2,40
2021-05-31,7-12,ios,1.5.3,133
2021-05-31,7-12,ios,1.5.4,663
2021-06-30,1-6,android,1.2.0,63977
2021-06-30,1-6,android,1.2.1,29165
2021-06-30,1-6,android,1.2.2,30092
2021-06-30,1-6,android,1.2.3,73156
2021-06-30,1-6,android,1.2.4,55568
2021-06-30,1-6,android,1.2.5,12915
2021-06-30,1-6,android,1.2.6,29180
2021-06-30,1-6,android,1.2.7,91991
2021-06-30,1-6,android,1.2.8,257225
2021-06-30,1-6,android,1.2.9,6165331
2021-06-30,1-6,android,1.3.0,195
2021-06-30,1-6,android,1.4.2,5732448
2021-06-30,1-6,android,1.4.3,9328298
2021-06-30,1-6,android,1.4.4,169335
2021-06-30,1-6,android,1.4.5,3367
2021-06-30,1-6,android,1.4.6,3530
2021-06-30,1-6,android,1.5.2,243
2021-06-30,1-6,android,1.5.3,32392
2021-06-30,1-6,android,2.0.0,<20
2021-06-30,1-6,ios,1.2.0,251418
2021-06-30,1-6,ios,1.2.1,105596
2021-06-30,1-6,ios,1.2.2,104697
2021-06-30,1-6,ios,1.2.3,209118
2021-06-30,1-6,ios,1.2.4,223123
2021-06-30,1-6,ios,1.2.6,108212
2021-06-30,1-6,ios,1.2.7,311382
2021-06-30,1-6,ios,1.2.8,323338
2021-06-30,1-6,ios,1.2.9,73281
2021-06-30,1-6,ios,1.4.0,1902325
2021-06-30,1-6,ios,1.4.1,7355458
2021-06-30,1-6,ios,1.4.4,2555313
2021-06-30,1-6,ios,1.4.5,316
2021-06-30,1-6,ios,1.4.6,385
2021-06-30,1-6,ios,1.5.2,131
2021-06-30,1-6,ios,1.5.3,426
2021-06-30,1-6,ios,1.5.4,1935
2021-06-30,1-6,ios,2.0.0,20
2021-06-30,13-30,android,1.2.0,311
2021-06-30,13-30,android,1.2.1,<20
2021-06-30,13-30,android,1.2.3,<20
2021-06-30,13-30,android,1.2.4,<20
2021-06-30,13-30,android,1.2.6,<20
2021-06-30,13-30,android,1.2.7,<20
2021-06-30,13-30,android,1.2.8,157
2021-06-30,13-30,android,1.2.9,4336
2021-06-30,13-30,android,1.4.2,2988
2021-06-30,13-30,android,1.4.3,3220
2021-06-30,13-30,android,1.4.4,123
2021-06-30,13-30,android,1.4.6,<20
2021-06-30,13-30,android,1.5.3,46
2021-06-30,13-30,ios,1.2.0,<20
2021-06-30,13-30,ios,1.2.3,<20
2021-06-30,13-30,ios,1.2.4,<20
2021-06-30,13-30,ios,1.2.6,<20
2021-06-30,13-30,ios,1.2.7,28
2021-06-30,13-30,ios,1.2.8,5827
2021-06-30,13-30,ios,1.2.9,1172
2021-06-30,13-30,ios,1.4.0,26137
2021-06-30,13-30,ios,1.4.1,90500
2021-06-30,13-30,ios,1.4.4,27826
2021-06-30,13-30,ios,1.4.5,<20
2021-06-30,13-30,ios,1.4.6,34
2021-06-30,13-30,ios,1.5.2,<20
2021-06-30,13-30,ios,1.5.3,24
2021-06-30,13-30,ios,1.5.4,22
2021-06-30,13-30,ios,2.0.0,<20
2021-06-30,30+,android,1.2.0,<20
2021-06-30,30+,ios,1.2.0,<20
2021-06-30,30+,ios,1.4.1,<20
2021-06-30,7-12,android,1.2.0,8011
2021-06-30,7-12,android,1.2.1,1563
2021-06-30,7-12,android,1.2.2,1771
2021-06-30,7-12,android,1.2.3,4250
2021-06-30,7-12,android,1.2.4,3244
2021-06-30,7-12,android,1.2.5,808
2021-06-30,7-12,android,1.2.6,1651
2021-06-30,7-12,android,1.2.7,5594
2021-06-30,7-12,android,1.2.8,32845
2021-06-30,7-12,android,1.2.9,893181
2021-06-30,7-12,android,1.3.0,32
2021-06-30,7-12,android,1.4.2,961502
2021-06-30,7-12,android,1.4.3,1594226
2021-06-30,7-12,android,1.4.4,26013
2021-06-30,7-12,android,1.4.5,40
2021-06-30,7-12,android,1.4.6,44
2021-06-30,7-12,android,1.5.2,<20
2021-06-30,7-12,android,1.5.3,7018
2021-06-30,7-12,ios,1.2.0,92368
2021-06-30,7-12,ios,1.2.1,39096
2021-06-30,7-12,ios,1.2.2,46658
2021-06-30,7-12,ios,1.2.3,99076
2021-06-30,7-12,ios,1.2.4,107341
2021-06-30,7-12,ios,1.2.6,48787
2021-06-30,7-12,ios,1.2.7,158423
2021-06-30,7-12,ios,1.2.8,1009868
2021-06-30,7-12,ios,1.2.9,219395
2021-06-30,7-12,ios,1.4.0,7641818
2021-06-30,7-12,ios,1.4.1,31726032
2021-06-30,7-12,ios,1.4.4,11050905
2021-06-30,7-12,ios,1.4.5,479
2021-06-30,7-12,ios,1.4.6,664
2021-06-30,7-12,ios,1.5.2,150
2021-06-30,7-12,ios,1.5.3,612
2021-06-30,7-12,ios,1.5.4,1473
2021-06-30,7-12,ios,2.0.0,82
2021-07-31,1-6,android,1.2.0,53300
2021-07-31,1-6,android,1.2.1,23421
2021-07-31,1-6,android,1.2.2,23999
2021-07-31,1-6,android,1.2.3,57248
2021-07-31,1-6,android,1.2.4,40066
2021-07-31,1-6,android,1.2.5,9295
2021-07-31,1-6,android,1.2.6,20280
2021-07-31,1-6,android,1.2.7,60165
2021-07-31,1-6,android,1.2.8,130537
2021-07-31,1-6,android,1.2.9,147951
2021-07-31,1-6,android,1.3.0,<20
2021-07-31,1-6,android,1.4.2,87866
2021-07-31,1-6,android,1.4.3,720061
2021-07-31,1-6,android,1.4.4,4633683
2021-07-31,1-6,android,1.4.5,4730711
2021-07-31,1-6,android,1.4.6,10211693
2021-07-31,1-6,android,1.5.2,2037
2021-07-31,1-6,android,1.5.3,33831
2021-07-31,1-6,ios,1.2.0,205605
2021-07-31,1-6,ios,1.2.1,82570
2021-07-31,1-6,ios,1.2.2,80595
2021-07-31,1-6,ios,1.2.3,156754
2021-07-31,1-6,ios,1.2.4,157732
2021-07-31,1-6,ios,1.2.6,73023
2021-07-31,1-6,ios,1.2.7,201356
2021-07-31,1-6,ios,1.2.8,164265
2021-07-31,1-6,ios,1.2.9,25754
2021-07-31,1-6,ios,1.4.0,131138
2021-07-31,1-6,ios,1.4.1,313949
2021-07-31,1-6,ios,1.4.4,3142510
2021-07-31,1-6,ios,1.4.5,2851901
2021-07-31,1-6,ios,1.4.6,6531258
2021-07-31,1-6,ios,1.5.2,318
2021-07-31,1-6,ios,1.5.3,756
2021-07-31,1-6,ios,1.5.4,3881
2021-07-31,1-6,ios,2.0.0,33
2021-07-31,13-30,android,1.2.0,278
2021-07-31,13-30,android,1.2.1,<20
2021-07-31,13-30,android,1.2.2,<20
2021-07-31,13-30,android,1.2.3,<20
2021-07-31,13-30,android,1.2.4,<20
2021-07-31,13-30,android,1.2.7,<20
2021-07-31,13-30,android,1.2.8,74
2021-07-31,13-30,android,1.2.9,48
2021-07-31,13-30,android,1.4.2,<20
2021-07-31,13-30,android,1.4.3,166
2021-07-31,13-30,android,1.4.4,1460
2021-07-31,13-30,android,1.4.5,1463
2021-07-31,13-30,android,1.4.6,55053
2021-07-31,13-30,android,1.5.2,<20
2021-07-31,13-30,android,1.5.3,206
2021-07-31,13-30,ios,1.2.0,<20
2021-07-31,13-30,ios,1.2.3,<20
2021-07-31,13-30,ios,1.2.7,<20
2021-07-31,13-30,ios,1.2.8,2853
2021-07-31,13-30,ios,1.2.9,427
2021-07-31,13-30,ios,1.4.0,2288
2021-07-31,13-30,ios,1.4.1,3885
2021-07-31,13-30,ios,1.4.4,30531
2021-07-31,13-30,ios,1.4.5,25043
2021-07-31,13-30,ios,1.4.6,51914
2021-07-31,13-30,ios,1.5.2,<20
2021-07-31,13-30,ios,1.5.3,<20
2021-07-31,13-30,ios,1.5.4,<20
2021-07-31,30+,android,1.2.0,<20
2021-07-31,30+,ios,1.2.0,<20
2021-07-31,30+,ios,1.4.4,<20
2021-07-31,30+,ios,1.4.5,<20
2021-07-31,7-12,android,1.2.0,6704
2021-07-31,7-12,android,1.2.1,1043
2021-07-31,7-12,android,1.2.2,1410
2021-07-31,7-12,android,1.2.3,2971
2021-07-31,7-12,android,1.2.4,2080
2021-07-31,7-12,android,1.2.5,489
2021-07-31,7-12,android,1.2.6,994
2021-07-31,7-12,android,1.2.7,3513
2021-07-31,7-12,android,1.2.8,17695
2021-07-31,7-12,android,1.2.9,19092
2021-07-31,7-12,android,1.4.2,10917
2021-07-31,7-12,android,1.4.3,75081
2021-07-31,7-12,android,1.4.4,843214
2021-07-31,7-12,android,1.4.5,859407
2021-07-31,7-12,android,1.4.6,2325880
2021-07-31,7-12,android,1.5.2,45
2021-07-31,7-12,android,1.5.3,12484
2021-07-31,7-12,ios,1.1.8,<20
2021-07-31,7-12,ios,1.2.0,73687
2021-07-31,7-12,ios,1.2.1,29563
2021-07-31,7-12,ios,1.2.2,34217
2021-07-31,7-12,ios,1.2.3,71575
2021-07-31,7-12,ios,1.2.4,73655
2021-07-31,7-12,ios,1.2.6,32516
2021-07-31,7-12,ios,1.2.7,99484
2021-07-31,7-12,ios,1.2.8,497741
2021-07-31,7-12,ios,1.2.9,79869
2021-07-31,7-12,ios,1.4.0,392260
2021-07-31,7-12,ios,1.4.1,887838
2021-07-31,7-12,ios,1.4.4,11667568
2021-07-31,7-12,ios,1.4.5,10795488
2021-07-31,7-12,ios,1.4.6,24725122
2021-07-31,7-12,ios,1.5.2,383
2021-07-31,7-12,ios,1.5.3,897
2021-07-31,7-12,ios,1.5.4,2283
2021-07-31,7-12,ios,2.0.0,135
2021-08-31,1-6,android,1.2.0,44489
2021-08-31,1-6,android,1.2.1,19017
2021-08-31,1-6,android,1.2.2,19430
2021-08-31,1-6,android,1.2.3,46775
2021-08-31,1-6,android,1.2.4,31091
2021-08-31,1-6,android,1.2.5,7318
2021-08-31,1-6,android,1.2.6,15090
2021-08-31,1-6,android,1.2.7,45107
2021-08-31,1-6,android,1.2.8,88344
2021-08-31,1-6,android,1.2.9,86358
2021-08-31,1-6,android,1.4.2,41483
2021-08-31,1-6,android,1.4.3,96748
2021-08-31,1-6,android,1.4.4,64051
2021-08-31,1-6,android,1.4.5,70155
2021-08-31,1-6,android,1.4.6,4397527
2021-08-31,1-6,android,1.5.2,2857814
2021-08-31,1-6,android,1.5.3,11558536
2021-08-31,1-6,ios,1.2.0,169764
2021-08-31,1-6,ios,1.2.1,65392
2021-08-31,1-6,ios,1.2.2,63363
2021-08-31,1-6,ios,1.2.3,122313
2021-08-31,1-6,ios,1.2.4,118012
2021-08-31,1-6,ios,1.2.6,54808
2021-08-31,1-6,ios,1.2.7,146228
2021-08-31,1-6,ios,1.2.8,110828
2021-08-31,1-6,ios,1.2.9,16390
2021-08-31,1-6,ios,1.4.0,76707
2021-08-31,1-6,ios,1.4.1,130236
2021-08-31,1-6,ios,1.4.4,143313
2021-08-31,1-6,ios,1.4.5,94087
2021-08-31,1-6,ios,1.4.6,3057664
2021-08-31,1-6,ios,1.5.2,2660271
2021-08-31,1-6,ios,1.5.3,21099363
2021-08-31,1-6,ios,1.5.4,25964
2021-08-31,1-6,ios,2.0.0,32
2021-08-31,13-30,android,1.2.0,218
2021-08-31,13-30,android,1.2.2,<20
2021-08-31,13-30,android,1.2.3,<20
2021-08-31,13-30,android,1.2.6,<20
2021-08-31,13-30,android,1.2.7,<20
2021-08-31,13-30,android,1.2.8,72
2021-08-31,13-30,android,1.2.9,27
2021-08-31,13-30,android,1.4.2,<20
2021-08-31,13-30,android,1.4.3,28
2021-08-31,13-30,android,1.4.4,<20
2021-08-31,13-30,android,1.4.5,<20
2021-08-31,13-30,android,1.4.6,23759
2021-08-31,13-30,android,1.5.2,17952
2021-08-31,13-30,android,1.5.3,62302
2021-08-31,13-30,ios,1.2.0,<20
2021-08-31,13-30,ios,1.2.3,<20
2021-08-31,13-30,ios,1.2.4,<20
2021-08-31,13-30,ios,1.2.8,1778
2021-08-31,13-30,ios,1.2.9,248
2021-08-31,13-30,ios,1.4.0,1382
2021-08-31,13-30,ios,1.4.1,1640
2021-08-31,13-30,ios,1.4.4,1704
2021-08-31,13-30,ios,1.4.5,1340
2021-08-31,13-30,ios,1.4.6,23001
2021-08-31,13-30,ios,1.5.2,1064
2021-08-31,13-30,ios,1.5.3,8629
2021-08-31,13-30,ios,1.5.4,39
2021-08-31,13-30,ios,2.0.0,<20
2021-08-31,30+,ios,1.2.0,<20
2021-08-31,30+,ios,1.4.6,<20
2021-08-31,30+,ios,1.5.3,<20
2021-08-31,7-12,android,1.2.0,5477
2021-08-31,7-12,android,1.2.1,793
2021-08-31,7-12,android,1.2.2,991
2021-08-31,7-12,android,1.2.3,2411
2021-08-31,7-12,android,1.2.4,1530
2021-08-31,7-12,android,1.2.5,337
2021-08-31,7-12,android,1.2.6,664
2021-08-31,7-12,android,1.2.7,2751
2021-08-31,7-12,android,1.2.8,12236
2021-08-31,7-12,android,1.2.9,11167
2021-08-31,7-12,android,1.4.2,5317
2021-08-31,7-12,android,1.4.3,11776
2021-08-31,7-12,android,1.4.4,9592
2021-08-31,7-12,android,1.4.5,9723
2021-08-31,7-12,android,1.4.6,920009
2021-08-31,7-12,android,1.5.2,684710
2021-08-31,7-12,android,1.5.3,2577943
2021-08-31,7-12,ios,1.2.0,61176
2021-08-31,7-12,ios,1.2.1,23902
2021-08-31,7-12,ios,1.2.2,26973
2021-08-31,7-12,ios,1.2.3,55689
2021-08-31,7-12,ios,1.2.4,54836
2021-08-31,7-12,ios,1.2.6,24395
2021-08-31,7-12,ios,1.2.7,72366
2021-08-31,7-12,ios,1.2.8,330569
2021-08-31,7-12,ios,1.2.9,51172
2021-08-31,7-12,ios,1.4.0,230389
2021-08-31,7-12,ios,1.4.1,389384
2021-08-31,7-12,ios,1.4.4,385751
2021-08-31,7-12,ios,1.4.5,243946
2021-08-31,7-12,ios,1.4.6,10046223
2021-08-31,7-12,ios,1.5.2,728971
2021-08-31,7-12,ios,1.5.3,8170797
2021-08-31,7-12,ios,1.5.4,7344
2021-08-31,7-12,ios,2.0.0,128
2021-09-30,1-6,android,1.2.0,37486
2021-09-30,1-6,android,1.2.1,15413
2021-09-30,1-6,android,1.2.2,15555
2021-09-30,1-6,android,1.2.3,38219
2021-09-30,1-6,android,1.2.4,24103
2021-09-30,1-6,android,1.2.5,6033
2021-09-30,1-6,android,1.2.6,12110
2021-09-30,1-6,android,1.2.7,35171
2021-09-30,1-6,android,1.2.8,65959
2021-09-30,1-6,android,1.2.9,58881
2021-09-30,1-6,android,1.4.2,26385
2021-09-30,1-6,android,1.4.3,55242
2021-09-30,1-6,android,1.4.4,36067
2021-09-30,1-6,android,1.4.5,31951
2021-09-30,1-6,android,1.4.6,146004
2021-09-30,1-6,android,1.5.2,31977
2021-09-30,1-6,android,1.5.3,17414995
2021-09-30,1-6,ios,1.2.0,136490
2021-09-30,1-6,ios,1.2.1,49615
2021-09-30,1-6,ios,1.2.2,47498
2021-09-30,1-6,ios,1.2.3,91156
2021-09-30,1-6,ios,1.2.4,86715
2021-09-30,1-6,ios,1.2.6,39839
2021-09-30,1-6,ios,1.2.7,103716
2021-09-30,1-6,ios,1.2.8,72474
2021-09-30,1-6,ios,1.2.9,11235
2021-09-30,1-6,ios,1.4.0,46876
2021-09-30,1-6,ios,1.4.1,72503
2021-09-30,1-6,ios,1.4.4,64186
2021-09-30,1-6,ios,1.4.5,35818
2021-09-30,1-6,ios,1.4.6,157250
2021-09-30,1-6,ios,1.5.2,87174
2021-09-30,1-6,ios,1.5.3,2684705
2021-09-30,1-6,ios,1.5.4,11947872
2021-09-30,1-6,ios,2.0.0,<20
2021-09-30,13-30,android,1.2.0,163
2021-09-30,13-30,android,1.2.2,<20
2021-09-30,13-30,android,1.2.3,24
2021-09-30,13-30,android,1.2.4,<20
2021-09-30,13-30,android,1.2.7,<20
2021-09-30,13-30,android,1.2.8,61
2021-09-30,13-30,android,1.2.9,26
2021-09-30,13-30,android,1.4.2,<20
2021-09-30,13-30,android,1.4.3,<20
2021-09-30,13-30,android,1.4.4,<20
2021-09-30,13-30,android,1.4.5,<20
2021-09-30,13-30,android,1.4.6,884
2021-09-30,13-30,android,1.5.2,241
2021-09-30,13-30,android,1.5.3,90885
2021-09-30,13-30,ios,1.2.0,<20
2021-09-30,13-30,ios,1.2.3,<20
2021-09-30,13-30,ios,1.2.6,<20
2021-09-30,13-30,ios,1.2.7,<20
2021-09-30,13-30,ios,1.2.8,1143
2021-09-30,13-30,ios,1.2.9,154
2021-09-30,13-30,ios,1.4.0,1021
2021-09-30,13-30,ios,1.4.1,890
2021-09-30,13-30,ios,1.4.4,885
2021-09-30,13-30,ios,1.4.5,655
2021-09-30,13-30,ios,1.4.6,2081
2021-09-30,13-30,ios,1.5.2,<20
2021-09-30,13-30,ios,1.5.3,2656
2021-09-30,13-30,ios,1.5.4,60017
2021-09-30,13-30,ios,2.0.0,<20
2021-09-30,30+,ios,1.2.0,<20
2021-09-30,30+,ios,1.5.4,<20
2021-09-30,7-12,android,1.2.0,4326
2021-09-30,7-12,android,1.2.1,617
2021-09-30,7-12,android,1.2.2,916
2021-09-30,7-12,android,1.2.3,1808
2021-09-30,7-12,android,1.2.4,1294
2021-09-30,7-12,android,1.2.5,284
2021-09-30,7-12,android,1.2.6,533
2021-09-30,7-12,android,1.2.7,2071
2021-09-30,7-12,android,1.2.8,9086
2021-09-30,7-12,android,1.2.9,7883
2021-09-30,7-12,android,1.4.2,3391
2021-09-30,7-12,android,1.4.3,7919
2021-09-30,7-12,android,1.4.4,5014
2021-09-30,7-12,android,1.4.5,4477
2021-09-30,7-12,android,1.4.6,26653
2021-09-30,7-12,android,1.5.2,6327
2021-09-30,7-12,android,1.5.3,3818723
2021-09-30,7-12,ios,1.2.0,51028
2021-09-30,7-12,ios,1.2.1,19536
2021-09-30,7-12,ios,1.2.2,21378
2021-09-30,7-12,ios,1.2.3,43342
2021-09-30,7-12,ios,1.2.4,41869
2021-09-30,7-12,ios,1.2.6,18191
2021-09-30,7-12,ios,1.2.7,53565
2021-09-30,7-12,ios,1.2.8,234654
2021-09-30,7-12,ios,1.2.9,36169
2021-09-30,7-12,ios,1.4.0,153204
2021-09-30,7-12,ios,1.4.1,235608
2021-09-30,7-12,ios,1.4.4,197609
2021-09-30,7-12,ios,1.4.5,108676
2021-09-30,7-12,ios,1.4.6,469392
2021-09-30,7-12,ios,1.5.2,79
2021-09-30,7-12,ios,1.5.3,1432724
2021-09-30,7-12,ios,1.5.4,41473340
2021-09-30,7-12,ios,2.0.0,35
2021-10-31,1-6,android,1.2.0,33869
2021-10-31,1-6,android,1.2.1,14161
2021-10-31,1-6,android,1.2.2,13879
2021-10-31,1-6,android,1.2.3,34045
2021-10-31,1-6,android,1.2.4,21013
2021-10-31,1-6,android,1.2.5,5352
2021-10-31,1-6,android,1.2.6,10492
2021-10-31,1-6,android,1.2.7,30384
2021-10-31,1-6,android,1.2.8,56459
2021-10-31,1-6,android,1.2.9,47578
2021-10-31,1-6,android,1.4.2,20923
2021-10-31,1-6,android,1.4.3,41752
2021-10-31,1-6,android,1.4.4,26151
2021-10-31,1-6,android,1.4.5,22332
2021-10-31,1-6,android,1.4.6,93135
2021-10-31,1-6,android,1.5.2,16793
2021-10-31,1-6,android,1.5.3,17497213
2021-10-31,1-6,ios,1.2.0,121217
2021-10-31,1-6,ios,1.2.1,42775
2021-10-31,1-6,ios,1.2.2,40019
2021-10-31,1-6,ios,1.2.3,76731
2021-10-31,1-6,ios,1.2.4,71201
2021-10-31,1-6,ios,1.2.6,30687
2021-10-31,1-6,ios,1.2.7,81278
2021-10-31,1-6,ios,1.2.8,55072
2021-10-31,1-6,ios,1.2.9,7890
2021-10-31,1-6,ios,1.4.0,35648
2021-10-31,1-6,ios,1.4.1,50913
2021-10-31,1-6,ios,1.4.4,42694
2021-10-31,1-6,ios,1.4.5,22776
2021-10-31,1-6,ios,1.4.6,106489
2021-10-31,1-6,ios,1.5.2,41978
2021-10-31,1-6,ios,1.5.3,323836
2021-10-31,1-6,ios,1.5.4,11892430
2021-10-31,13-30,android,1.2.0,189
2021-10-31,13-30,android,1.2.3,<20
2021-10-31,13-30,android,1.2.8,42
2021-10-31,13-30,android,1.2.9,<20
2021-10-31,13-30,android,1.4.2,<20
2021-10-31,13-30,android,1.4.3,<20
2021-10-31,13-30,android,1.4.4,<20
2021-10-31,13-30,android,1.4.5,<20
2021-10-31,13-30,android,1.4.6,493
2021-10-31,13-30,android,1.5.2,132
2021-10-31,13-30,android,1.5.3,88269
2021-10-31,13-30,ios,1.2.0,<20
2021-10-31,13-30,ios,1.2.1,<20
2021-10-31,13-30,ios,1.2.7,<20
2021-10-31,13-30,ios,1.2.8,910
2021-10-31,13-30,ios,1.2.9,105
2021-10-31,13-30,ios,1.4.0,724
2021-10-31,13-30,ios,1.4.1,579
2021-10-31,13-30,ios,1.4.4,551
2021-10-31,13-30,ios,1.4.5,445
2021-10-31,13-30,ios,1.4.6,1369
2021-10-31,13-30,ios,1.5.2,<20
2021-10-31,13-30,ios,1.5.3,786
2021-10-31,13-30,ios,1.5.4,65721
2021-10-31,30+,android,1.2.0,<20
2021-10-31,30+,ios,1.2.0,<20
2021-10-31,30+,ios,1.5.4,<20
2021-10-31,7-12,android,1.2.0,3872
2021-10-31,7-12,android,1.2.1,543
2021-10-31,7-12,android,1.2.2,832
2021-10-31,7-12,android,1.2.3,1531
2021-10-31,7-12,android,1.2.4,1031
2021-10-31,7-12,android,1.2.5,238
2021-10-31,7-12,android,1.2.6,421
2021-10-31,7-12,android,1.2.7,1670
2021-10-31,7-12,android,1.2.8,7523
2021-10-31,7-12,android,1.2.9,5843
2021-10-31,7-12,android,1.4.2,2769
2021-10-31,7-12,android,1.4.3,4935
2021-10-31,7-12,android,1.4.4,3701
2021-10-31,7-12,android,1.4.5,3093
2021-10-31,7-12,android,1.4.6,16834
2021-10-31,7-12,android,1.5.2,3318
2021-10-31,7-12,android,1.5.3,3800738
2021-10-31,7-12,ios,1.2.0,46614
2021-10-31,7-12,ios,1.2.1,16225
2021-10-31,7-12,ios,1.2.2,18128
2021-10-31,7-12,ios,1.2.3,36772
2021-10-31,7-12,ios,1.2.4,33727
2021-10-31,7-12,ios,1.2.6,14749
2021-10-31,7-12,ios,1.2.7,41516
2021-10-31,7-12,ios,1.2.8,178335
2021-10-31,7-12,ios,1.2.9,28189
2021-10-31,7-12,ios,1.4.0,117698
2021-10-31,7-12,ios,1.4.1,169045
2021-10-31,7-12,ios,1.4.4,136535
2021-10-31,7-12,ios,1.4.5,73142
2021-10-31,7-12,ios,1.4.6,264524
2021-10-31,7-12,ios,1.5.2,<20
2021-10-31,7-12,ios,1.5.3,164142
2021-10-31,7-12,ios,1.5.4,47185477
